"Estimation de population au 1er janvier, par département, sexe et grande classe d'âge",Unnamed: 1,Unnamed: 2,Unnamed: 3,Unnamed: 4,Unnamed: 5,Unnamed: 6,Unnamed: 7,Unnamed: 8,Unnamed: 9,Unnamed: 10,Unnamed: 11,Unnamed: 12,Unnamed: 13,Unnamed: 14,Unnamed: 15,Unnamed: 16,Unnamed: 17,Unnamed: 18,Unnamed: 19
Année 2017,,,,,,,,,,,,,,,,,,,
,,,,,,,,,,,,,,,,,,,
Départements,,Ensemble,,,,,,Hommes,,,,,,Femmes,,,,,
,,0 à 19 ans,20 à 39 ans,40 à 59 ans,60 à 74 ans,75 ans et plus,Total,0 à 19 ans,20 à 39 ans,40 à 59 ans,60 à 74 ans,75 ans et plus,Total,0 à 19 ans,20 à 39 ans,40 à 59 ans,60 à 74 ans,75 ans et plus,Total
01,Ain,167436,149167,178495,97596,50656,643350,86204,74501,89221,47295,20071,317292,81232,74666,89274,50301,30585,326058
02,Aisne,135238,117461,141427,91681,48683,534490,69558,58885,70174,44183,17869,260669,65680,58576,71253,47498,30814,273821
03,Allier,69603,63788,89746,69527,45324,337988,35659,32269,44090,32621,17216,161855,33944,31519,45656,36906,28108,176133
04,Alpes-de-Haute-Provence,35009,31172,44555,33484,19695,163915,18320,15563,21628,16313,8013,79837,16689,15609,22927,17171,11682,84078
05,Hautes-Alpes,30987,28300,38863,27167,15967,141284,15960,14272,19172,13254,6445,69103,15027,14028,19691,13913,9522,72181
06,Alpes-Maritimes,230534,239490,286482,193668,133136,1083310,117831,117170,137832,88396,51149,512378,112703,122320,148650,105272,81987,570932
07,Ardèche,72319,62210,89649,64118,37416,325712,37107,31005,44731,31248,14730,158821,35212,31205,44918,32870,22686,166891
08,Ardennes,64962,58483,74727,48675,26732,273579,33469,29340,37138,23454,9978,133379,31493,29143,37589,25221,16754,140200
09,Ariège,31968,29096,41710,30993,19386,153153,16507,14914,20554,15339,7741,75055,15461,14182,21156,15654,11645,78098
10,Aube,75593,69899,79906,53803,30819,310020,38801,35016,39452,25554,11461,150284,36792,34883,40454,28249,19358,159736
11,Aude,80818,71523,98007,75694,44218,370260,41347,35055,47633,36298,17642,177975,39471,36468,50374,39396,26576,192285
12,Aveyron,57554,52009,75035,56031,38577,279206,30006,26666,37729,27629,15417,137447,27548,25343,37306,28402,23160,141759
13,Bouches-du-Rhône,483764,489727,528237,328650,193784,2024162,247183,239338,253810,152618,74984,967933,236581,250389,274427,176032,118800,1056229
14,Calvados,165746,159523,178375,122166,68192,694002,85056,79039,87324,57300,24874,333593,80690,80484,91051,64866,43318,360409
15,Cantal,27744,25970,40291,30913,20225,145143,14051,13204,20518,15220,7759,70752,13693,12766,19773,15693,12466,74391
16,Charente,74328,70329,95358,69367,42953,352335,38257,35465,46682,33234,16723,170361,36071,34864,48676,36133,26230,181974
17,Charente-Maritime,134043,122829,167871,138803,80757,644303,69168,61259,81328,65067,31698,308520,64875,61570,86543,73736,49059,335783
18,Cher,64938,59510,81889,60872,37047,304256,33257,30188,40382,29287,14333,147447,31681,29322,41507,31585,22714,156809
19,Corrèze,48547,46354,64361,49521,32681,241464,25191,23985,31929,23605,12384,117094,23356,22369,32432,25916,20297,124370
2A,Corse-du-Sud,31171,34842,44325,29237,17674,157249,16299,16659,21719,14116,7359,76152,14872,18183,22606,15121,10315,81097
2B,Haute-Corse,36689,41322,48079,32659,18940,177689,19059,20385,23688,15840,7812,86784,17630,20937,24391,16819,11128,90905
21,Côte-d'Or,123924,130268,138306,89799,51522,533819,62957,64565,67535,42817,19562,257436,60967,65703,70771,46982,31960,276383
22,Côtes-d'Armor,135511,111633,157667,120461,73542,598814,69523,56147,78378,57517,27455,289020,65988,55486,79289,62944,46087,309794
23,Creuse,21831,19824,32376,26758,17849,118638,11225,10162,16276,13241,6741,57645,10606,9662,16100,13517,11108,60993
24,Dordogne,80370,72735,112070,91473,56958,413606,41419,36571,54709,44136,22577,199412,38951,36164,57361,47337,34381,214194
25,Doubs,134822,132863,137172,85497,48713,539067,69109,67023,68121,40600,19082,263935,65713,65840,69051,44897,29631,275132
26,Drôme,124963,110056,135234,90188,51112,511553,64277,54711,66187,42650,20296,248121,60686,55345,69047,47538,30816,263432
27,Eure,156208,132440,163765,99494,49936,601843,80296,65358,81213,47688,19037,293592,75912,67082,82552,51806,30899,308251
28,Eure-et-Loir,109709,94209,116219,72180,40916,433233,56159,46991,57665,34875,16119,211809,53550,47218,58554,37305,24797,221424
29,Finistère,207998,193066,243412,165954,98598,909028,106915,99347,121723,78499,35292,441776,101083,93719,121689,87455,63306,467252
30,Gard,173500,156678,199453,138776,75771,744178,89022,77245,96249,66086,30042,358644,84478,79433,103204,72690,45729,385534
31,Haute-Garonne,332102,388074,351728,185809,104959,1362672,168394,194079,173848,86719,40784,663824,163708,193995,177880,99090,64175,698848
32,Gers,38779,33509,52905,39634,26264,191091,20047,16744,26161,19405,10771,93128,18732,16765,26744,20229,15493,97963
33,Gironde,373459,403013,417998,250311,138603,1583384,190941,197262,203769,116257,52599,760828,182518,205751,214229,134054,86004,822556
34,Hérault,266739,280097,288842,198318,110896,1144892,136329,136363,138754,91821,43903,547170,130410,143734,150088,106497,66993,597722
35,Ille-et-Vilaine,274838,269042,274019,152200,90100,1060199,140232,134658,137228,71487,34159,517764,134606,134384,136791,80713,55941,542435
36,Indre,45367,39848,59953,46592,30472,222232,23285,19915,29707,22494,11727,107128,22082,19933,30246,24098,18745,115104
37,Indre-et-Loire,144821,138934,157289,102641,62826,606511,73408,68202,77519,48037,24314,291480,71413,70732,79770,54604,38512,315031
38,Isère,323997,304304,334014,191177,105230,1258722,166430,152757,166120,91065,41347,617719,157567,151547,167894,100112,63883,641003
39,Jura,60292,52496,70717,47775,28908,260188,31003,26427,35155,23104,11136,126825,29289,26069,35562,24671,17772,133363
40,Landes,87147,79670,112790,80939,46898,407444,45044,39757,55648,38503,18453,197405,42103,39913,57142,42436,28445,210039
41,Loir-et-Cher,75552,64806,89163,62324,40070,331915,38813,32325,44238,29944,15865,161185,36739,32481,44925,32380,24205,170730
42,Loire,187457,168977,193817,130668,82022,762941,96378,84047,95708,61747,30526,368406,91079,84930,98109,68921,51496,394535
43,Haute-Loire,51342,44138,62612,43389,25802,227283,26501,22579,31592,21381,9692,111745,24841,21559,31020,22008,16110,115538
44,Loire-Atlantique,357100,349527,361658,210861,115763,1394909,183126,174461,178735,98216,42536,677074,173974,175066,182923,112645,73227,717835
45,Loiret,173136,156451,175939,109871,62708,678105,88786,77462,86823,52286,24511,329868,84350,78989,89116,57585,38197,348237
46,Lot,32986,29737,46942,39064,25099,173828,16891,15109,23072,19025,10175,84272,16095,14628,23870,20039,14924,89556
47,Lot-et-Garonne,71826,65061,87257,66134,42564,332842,36838,32213,42341,31443,17141,159976,34988,32848,44916,34691,25423,172866
48,Lozère,16073,15135,20978,15042,9373,76601,8321,7660,10759,7633,3751,38124,7752,7475,10219,7409,5622,38477
49,Maine-et-Loire,211025,187029,207052,128430,79957,813493,107747,93240,103049,61160,31023,396219,103278,93789,104003,67270,48934,417274
50,Manche,110739,99275,132430,94205,60234,496883,56717,50866,66310,45360,22971,242224,54022,48409,66120,48845,37263,254659
51,Marne,139867,140937,146816,91944,49331,568895,71486,70689,72104,43037,18257,275573,68381,70248,74712,48907,31074,293322
52,Haute-Marne,37648,36094,47248,34196,20454,175640,19385,18847,23466,16519,7786,86003,18263,17247,23782,17677,12668,89637
53,Mayenne,77944,63622,80704,51467,33708,307445,40017,32326,40907,24822,13311,151383,37927,31296,39797,26645,20397,156062
54,Meurthe-et-Moselle,175266,187184,187745,116702,66584,733481,89683,94551,92521,55075,24704,356534,85583,92633,95224,61627,41880,376947
55,Meuse,43458,39510,50443,34413,19363,187187,22525,20530,25506,16851,7200,92612,20933,18980,24937,17562,12163,94575
56,Morbihan,171357,148089,202270,145578,83569,750863,88517,75145,99994,68828,31382,363866,82840,72944,102276,76750,52187,386997
57,Moselle,235585,250982,289298,172203,95454,1043522,121790,126791,143251,82144,36628,510604,113795,124191,146047,90059,58826,532918
58,Nièvre,40669,36800,54249,46176,29288,207182,21137,18656,26899,22115,10843,99650,19532,18144,27350,24061,18445,107532
59,Nord,693966,677232,658463,379023,195677,2604361,354659,335891,323546,174661,68659,1257416,339307,341341,334917,204362,127018,1346945
60,Oise,218587,197394,224990,124793,58739,824503,111445,97655,112167,59808,22420,403495,107142,99739,112823,64985,36319,421008
61,Orne,63732,53981,74412,55582,35665,283372,32810,27331,37139,26903,13789,137972,30922,26650,37273,28679,21876,145400
62,Pas-de-Calais,382288,344112,385392,235695,120531,1468018,196132,173156,191300,109261,41247,711096,186156,170956,194092,126434,79284,756922
63,Puy-de-Dôme,146785,153485,172422,115843,65207,653742,74122,77048,85865,54949,24251,316235,72663,76437,86557,60894,40956,337507
64,Pyrénées-Atlantiques,145926,143876,184748,123094,79665,677309,75143,71925,90292,57671,30297,325328,70783,71951,94456,65423,49368,351981
65,Hautes-Pyrénées,46579,43043,61966,46588,30354,228530,24258,21825,30175,22219,11450,109927,22321,21218,31791,24369,18904,118603
66,Pyrénées-Orientales,104276,94922,122725,94053,58476,474452,53219,46306,58950,43878,22975,225328,51057,48616,63775,50175,35501,249124
67,Bas-Rhin,263421,285907,306663,173691,95877,1125559,134249,141256,151533,83774,36740,547552,129172,144651,155130,89917,59137,578007
68,Haut-Rhin,180585,175742,214027,124654,69022,764030,92952,87488,106465,60585,26924,374414,87633,88254,107562,64069,42098,389616
69,Rhône,474630,519880,449456,248744,150609,1843319,240832,253282,220790,114344,57025,886273,233798,266598,228666,134400,93584,957046
70,Haute-Saône,55110,47196,65223,44825,24305,236659,28577,23704,32771,21791,9654,116497,26533,23492,32452,23034,14651,120162
71,Saône-et-Loire,121334,107273,147628,109115,68245,553595,62738,54391,72976,52347,26302,268754,58596,52882,74652,56768,41943,284841
72,Sarthe,140684,120200,148473,97083,60066,566506,72270,59654,73905,46450,23221,275500,68414,60546,74568,50633,36845,291006
73,Savoie,101386,97709,118959,71858,41262,431174,52184,49192,59394,34396,15941,211107,49202,48517,59565,37462,25321,220067
74,Haute-Savoie,200499,208091,222608,116120,60042,807360,103489,104185,110601,54892,23200,396367,97010,103906,112007,61228,36842,410993
75,Paris,422752,736749,550917,309022,168086,2187526,211555,350518,266859,137691,62562,1029185,211197,386231,284058,171331,105524,1158341
76,Seine-Maritime,311142,300856,322287,205818,114275,1254378,158974,148777,157359,96101,41449,602660,152168,152079,164928,109717,72826,651718
77,Seine-et-Marne,392026,358391,381646,186117,85817,1403997,200505,173334,187865,88832,32908,683444,191521,185057,193781,97285,52909,720553
78,Yvelines,388195,348287,393546,200398,107840,1438266,198777,171167,193261,94208,42170,699583,189418,177120,200285,106190,65670,738683
79,Deux-Sèvres,87366,75325,101829,67157,42674,374351,45006,37856,50438,32583,17117,183000,42360,37469,51391,34574,25557,191351
80,Somme,141940,136520,148753,94670,50560,572443,72612,68045,73402,45094,18748,277901,69328,68475,75351,49576,31812,294542
81,Tarn,86518,75696,104249,72862,48565,387890,44244,37497,51023,34699,19127,186590,42274,38199,53226,38163,29438,201300
82,Tarn-et-Garonne,63172,53361,69988,44786,27042,258349,32525,26629,34715,21587,10796,126252,30647,26732,35273,23199,16246,132097
83,Var,225082,216385,278203,210234,128836,1058740,116269,107870,134202,97923,51815,508079,108813,108515,144001,112311,77021,550661
84,Vaucluse,134438,120540,149002,99208,56291,559479,69015,58829,71897,46932,21987,268660,65423,61711,77105,52276,34304,290819
85,Vendée,157879,136320,176598,130514,73936,675247,81173,68687,87785,62558,29298,329501,76706,67633,88813,67956,44638,345746
86,Vienne,103451,101111,110957,74612,46745,436876,52264,50066,54479,35843,18202,210854,51187,51045,56478,38769,28543,226022
87,Haute-Vienne,81286,79617,97917,70980,44626,374426,41047,39043,47869,33481,16965,178405,40239,40574,50048,37499,27661,196021
88,Vosges,81961,73979,100137,70611,40985,367673,42231,37566,49715,34135,15116,178763,39730,36413,50422,36476,25869,188910
89,Yonne,77718,67286,90056,65004,38227,338291,40341,33603,44498,31611,14780,164833,37377,33683,45558,33393,23447,173458
90,Territoire de Belfort,33980,35074,37578,22991,12999,142622,17692,18529,18662,10996,4916,70795,16288,16545,18916,11995,8083,71827
91,Essonne,356565,336198,347644,167806,87917,1296130,182536,165111,172450,79705,34611,634413,174029,171087,175194,88101,53306,661717
92,Hauts-de-Seine,402708,461396,426784,200869,117549,1609306,204915,223021,203203,91309,43389,765837,197793,238375,223581,109560,74160,843469
93,Seine-Saint-Denis,473039,471049,413251,182706,83066,1623111,240629,229764,207389,88576,32366,798724,232410,241285,205862,94130,50700,824387
94,Val-de-Marne,359413,388307,366355,176682,97169,1387926,183559,187645,178367,82000,35897,667468,175854,200662,187988,94682,61272,720458
95,Val-d'Oise,351331,328428,322682,154421,71756,1228618,178917,158372,157402,73915,27305,595911,172414,170056,165280,80506,44451,632707
France métropolitaine ,,15616148,15420035,17028472,10541497,6032981,64639133,7992828,7632177,8376683,4980166,2304975,31286829,7623320,7787858,8651789,5561331,3728006,33352304
971,Guadeloupe ,101242,75739,117393,64725,31154,390253,51225,33663,52118,29620,12379,179005,50017,42076,65275,35105,18775,211248
972,Martinique ,86666,70375,115079,65218,35256,372594,43803,31878,51280,30113,14160,171234,42863,38497,63799,35105,21096,201360
973,Guyane,113266,74738,57520,18313,4863,268700,57104,35225,28438,9237,2012,132016,56162,39513,29082,9076,2851,136684
974,La Réunion,264572,209546,238983,101811,38747,853659,134596,97174,114204,48283,14700,408957,129976,112372,124779,53528,24047,444702
976,Mayotte,134454,66527,38368,8515,2279,250143,66487,27941,19261,4449,1081,119219,67967,38586,19107,4066,1198,130924
DOM,,700200,496925,567343,258582,112299,2135349,353215,225881,265301,121702,44332,1010431,346985,271044,302042,136880,67967,1124918
France métropolitaine et DOM,,16316348,15916960,17595815,10800079,6145280,66774482,8346043,7858058,8641984,5101868,2349307,32297260,7970305,8058902,8953831,5698211,3795973,34477222
,,,,,,,,,,,,,,,,,,,
Source : Insee - Estimations de population ,,,,,,,,,,,,,,,,,,,
