1,2,3,4,5,6,7,8,9,10,11,12,13,14,15,16,17,18,19,21,22,23,24,25,26,27,28,29,30,31,32,33,34,35,36,37,38,39,40,41,42,43,44,45,46,47,48,49,50,51,52,53,54,55,56,57,58,59,60,61,62,63,64,65,66,67,68,69,70,71,72,73,74,76,77,78,79,80,81,82,83,84,85,86,87,88,89,91,95,971,972,973,974,978,987,988,2A,2B,Année 2018 - compagnies de gendarmerie,code
0,0,0,0,0,0,0,0,0,0,0,0,2,0,0,0,0,0,0,1,0,0,0,0,0,0,0,0,1,2,0,0,0,1,0,0,1,0,0,0,0,0,1,0,0,0,0,0,0,1,0,0,0,0,0,2,0,0,0,0,0,0,0,0,0,0,0,1,1,0,0,0,0,0,1,0,0,0,0,0,0,0,0,0,0,0,0,0,0,0,0,1,0,0,0,0,0,0,1,Règlements de compte entre malfaireurs 
0,0,0,0,0,0,0,0,0,0,0,0,0,0,0,0,0,0,0,0,0,0,0,0,0,0,0,0,1,1,0,0,0,1,0,0,0,0,0,0,0,0,0,0,0,0,0,0,0,0,0,0,0,0,0,0,0,0,0,0,0,0,0,0,0,0,0,0,0,0,0,0,0,0,0,0,0,0,0,0,2,0,0,0,0,0,0,1,0,0,2,2,0,0,0,0,0,0,2,Homicides pour voler et à l'occasion de vols 
0,3,1,1,0,3,0,0,1,3,3,0,3,1,0,2,3,0,1,2,4,1,2,1,5,2,4,6,4,0,3,4,11,1,0,3,3,2,0,2,0,3,4,1,0,0,0,3,1,2,0,2,1,1,1,4,0,6,4,1,3,5,1,0,2,1,2,8,1,1,2,6,0,1,1,2,1,6,0,1,9,4,0,1,1,1,2,3,1,5,7,13,6,0,3,10,3,2,3,Homicides pour d'autres motifs 
1,0,0,0,0,0,0,0,0,0,1,0,0,0,0,0,0,0,0,0,0,0,0,0,0,0,0,0,0,0,0,3,2,1,0,0,0,0,0,0,0,0,0,0,0,0,0,0,0,0,0,0,0,0,0,0,0,0,4,0,0,0,0,0,0,1,0,0,0,0,0,3,0,0,1,0,0,0,0,2,1,0,0,0,0,0,0,0,2,1,5,10,0,1,0,3,1,0,4,Tentatives d'homicides pour voler et à l'occasion de vols 
7,2,4,2,2,10,3,1,2,4,7,3,11,5,1,2,5,0,0,9,4,0,2,1,6,10,5,12,15,10,1,19,22,11,2,5,12,4,9,2,4,4,16,5,3,4,0,5,6,3,8,1,3,9,7,3,1,10,7,0,10,9,5,0,10,6,3,24,3,12,2,7,12,4,10,4,8,4,0,3,15,9,17,15,3,1,5,5,10,29,48,54,20,4,0,35,4,6,5,Tentatives homicides pour d'autres motifs 
1,0,0,0,0,2,0,0,0,0,3,0,3,1,1,1,1,1,0,0,1,0,1,0,3,1,0,0,1,0,0,1,0,0,0,0,4,0,0,0,0,0,1,1,0,1,0,1,0,0,0,1,0,0,2,0,1,1,1,0,1,0,1,0,5,0,1,1,0,0,2,1,0,2,0,0,0,1,0,0,2,0,0,1,0,0,1,3,1,0,0,1,6,1,4,3,0,0,6,Coups et blessures volontaires suivis de mort 
1162,1139,398,316,225,892,595,487,324,522,698,320,1178,721,207,480,1029,447,256,617,928,202,598,667,729,1267,646,1122,1255,1744,312,2250,1852,1211,350,731,2234,425,687,491,648,346,1660,847,262,683,118,846,621,558,336,425,678,347,1002,1087,383,1903,1837,473,1313,665,489,258,1060,1410,990,1423,550,709,922,688,1430,896,1049,505,512,1189,522,431,1511,926,1058,485,304,573,953,847,806,1437,1330,1363,2498,367,1187,1261,241,279,7,Autres coups et blessures volontaires criminels ou correctionnels 
1,0,0,0,0,1,0,0,0,0,1,0,1,0,0,0,0,0,0,0,0,1,1,2,1,0,2,0,1,0,0,0,2,0,0,1,2,0,0,0,0,0,0,4,1,0,0,0,0,1,1,0,1,0,0,2,0,0,1,0,0,0,0,0,0,0,0,1,0,1,1,0,1,1,2,0,0,0,0,0,0,1,0,1,0,0,0,0,0,0,0,4,1,0,0,1,0,0,8,Prises d'otages à l'occasion de vols 
1,1,0,0,0,0,0,0,1,1,0,0,2,0,0,0,1,0,0,0,0,0,0,0,0,0,1,0,1,2,1,3,1,2,0,0,0,0,0,0,0,1,1,0,0,0,0,0,1,0,3,0,0,0,1,0,0,0,0,0,0,0,0,0,0,1,0,0,0,0,0,0,1,0,0,1,0,0,0,0,1,0,1,0,0,0,0,0,1,0,0,0,0,0,0,0,0,0,9,Prises d'otages dans un autre but 
16,8,1,3,1,11,8,4,5,2,9,2,11,5,2,3,10,4,4,2,7,2,3,8,6,14,7,10,19,13,0,21,17,11,1,4,34,4,6,7,11,5,32,17,2,2,0,9,4,0,3,2,3,1,7,4,4,15,18,5,8,6,5,1,12,12,14,14,4,3,6,8,20,12,13,9,4,8,4,7,23,4,11,4,4,4,11,7,22,7,5,20,13,2,5,2,2,3,10,Sequestrations 
73,43,13,12,13,57,35,13,8,31,20,21,60,33,16,23,32,18,21,32,49,13,21,34,43,62,49,52,74,100,21,80,94,43,11,35,139,27,29,32,39,18,97,68,11,27,6,37,25,34,12,19,31,16,39,48,17,48,99,39,49,43,31,7,28,92,66,102,24,34,51,37,87,42,55,28,28,42,28,23,80,38,45,31,19,32,45,78,68,53,42,32,74,12,8,10,18,12,11,Menaces ou chantages pour extorsion de fonds 
517,526,183,209,94,557,279,340,164,363,275,149,626,300,68,230,384,195,105,230,395,102,284,406,373,416,305,346,585,813,104,962,703,407,129,318,1055,228,218,234,282,157,626,458,166,340,56,289,260,306,152,157,382,204,367,476,174,717,782,233,510,294,203,107,458,729,515,558,292,302,435,320,588,367,461,187,243,503,204,241,912,415,397,237,169,231,365,457,408,699,552,468,879,142,206,281,125,178,12,Menaces ou chantages dans un autre but 
500,406,180,161,69,448,227,303,110,294,171,157,471,294,116,190,368,172,88,262,464,128,209,339,355,389,343,465,469,576,134,810,556,382,116,277,827,226,239,219,283,170,574,353,126,197,37,274,247,222,148,145,286,149,351,528,128,687,589,203,569,329,206,76,334,606,433,437,221,257,312,266,550,341,377,211,257,377,162,118,631,279,402,179,161,222,263,323,271,335,250,169,431,58,156,122,100,92,13,Atteintes à la dignité et à la  personnalité 
79,81,18,24,17,99,40,45,29,48,44,26,96,30,7,31,81,26,11,25,88,12,51,49,53,69,47,97,92,74,11,126,116,74,23,46,114,32,38,24,25,17,97,56,26,44,13,41,45,35,34,43,35,6,66,56,32,84,85,45,70,43,36,21,71,83,61,56,18,25,48,40,98,62,62,39,46,61,23,29,149,42,73,35,21,43,45,58,58,96,65,24,112,33,74,40,16,17,14,Violations de domicile 
0,1,0,0,0,0,0,0,1,0,0,0,1,0,0,0,0,0,0,0,0,0,0,0,1,0,0,0,0,1,0,0,1,1,0,0,0,0,0,0,0,0,0,0,0,0,0,0,0,1,0,0,0,0,0,0,0,0,0,0,0,0,0,2,0,0,0,0,0,0,0,0,1,0,0,0,0,1,0,0,0,0,1,0,0,0,0,0,1,0,0,0,0,0,0,0,0,0,15,Vols à main armée contre des établissements financiers 
4,3,2,1,1,1,4,0,0,0,1,0,8,3,0,0,5,1,0,1,0,1,1,2,4,3,2,3,6,5,0,8,4,2,0,2,18,1,2,1,1,2,4,3,0,1,0,1,2,2,1,1,0,1,2,3,2,3,12,1,2,1,1,0,1,5,1,13,2,3,5,0,3,2,3,2,1,2,1,0,12,3,7,1,0,1,2,7,5,19,0,28,7,7,0,1,0,1,16,Vols à main armée contre des éts industriels ou commerciaux 
0,0,0,0,0,0,0,0,0,0,0,0,0,0,0,0,0,0,0,0,0,0,0,0,0,0,0,0,0,0,0,0,0,0,0,0,0,0,0,0,0,0,0,0,0,0,0,0,0,0,0,0,0,0,0,0,0,0,0,0,0,0,0,0,0,0,0,0,0,0,0,0,0,0,0,0,0,0,0,0,0,0,0,0,0,0,0,0,0,0,0,0,0,0,0,0,0,0,17,Vols à main armée contre des entreprises de transports de fonds 
3,1,0,0,0,6,2,1,0,0,1,0,2,5,0,0,2,0,1,0,0,0,1,1,1,2,1,0,1,4,1,6,12,1,0,1,6,0,0,1,1,0,2,2,0,0,0,0,1,0,0,1,0,0,1,3,0,4,1,1,3,2,3,1,2,2,2,6,0,1,3,0,3,1,4,1,0,0,3,1,10,1,0,0,0,1,2,4,1,8,3,30,2,1,0,0,3,0,18,Vols à main armée contre des particuliers à leur domicile 
5,2,0,0,0,1,0,0,0,0,1,1,6,0,0,0,0,1,0,1,0,0,1,2,2,2,2,3,4,1,0,2,4,1,0,1,4,1,0,0,2,0,4,0,1,1,0,0,0,0,0,1,0,0,0,1,0,4,15,1,2,0,1,0,4,1,1,5,0,1,0,0,0,4,1,2,0,1,2,1,7,4,3,0,1,1,4,4,3,67,47,150,5,20,1,0,1,2,19,Autres vols à main armée 
2,2,1,0,0,1,1,0,3,3,1,0,2,1,0,0,1,1,0,1,1,1,1,4,1,0,0,2,1,4,0,7,3,5,0,2,8,0,0,1,3,0,5,1,0,2,0,2,1,0,0,0,0,0,1,3,0,0,6,1,2,1,0,1,4,1,1,3,1,2,1,1,1,3,2,1,0,2,0,1,1,2,3,0,0,3,1,2,2,4,1,0,3,7,0,1,3,0,20,"Vols avec armes blanches contre des établissements financiers,commerciaux ou industriels "
4,3,0,2,0,2,2,0,1,1,0,1,2,3,0,1,2,0,1,0,2,0,0,1,2,4,2,1,1,6,0,7,9,2,0,1,10,1,0,2,1,1,5,2,1,3,0,2,3,1,4,0,1,0,4,3,0,8,3,0,5,0,1,0,6,2,1,3,1,2,4,0,3,2,4,2,2,3,1,2,2,3,2,0,0,0,0,0,4,4,5,7,5,1,0,2,0,0,21,Vols avec armes blanches contre des particuliers à leur domicile 
12,1,0,0,0,9,1,0,1,2,6,2,20,3,0,1,5,1,0,6,4,0,1,1,2,4,3,5,7,19,0,17,23,10,0,8,29,1,2,0,0,1,16,4,0,2,0,4,2,3,0,1,1,0,3,8,3,1,36,2,7,2,2,0,7,9,4,11,1,7,5,3,9,3,11,4,0,2,0,2,9,5,2,0,2,4,1,11,20,32,26,114,27,4,1,1,1,1,22,Autres vols avec armes blanches 
6,4,2,0,0,1,0,0,1,2,2,0,2,0,0,0,3,0,1,1,2,1,4,1,1,4,0,5,3,3,1,10,9,2,1,2,11,1,1,1,1,2,8,1,1,1,0,2,0,1,2,0,1,0,4,5,1,2,3,1,0,1,0,0,4,2,6,7,0,1,2,0,3,6,0,0,0,3,2,1,6,6,1,0,1,1,1,2,2,2,2,1,7,2,0,9,0,0,23,"Vols violents sans arme contre des établissements financiers,commerciaux ou industriels "
5,10,4,3,3,7,8,8,1,3,3,0,14,4,0,7,10,6,3,4,5,0,5,5,5,6,13,3,10,17,3,25,21,7,1,15,16,1,7,6,4,5,13,6,2,10,0,6,3,4,3,3,3,1,6,7,7,11,16,5,6,8,5,0,10,9,9,8,1,2,6,8,19,11,9,12,6,6,4,3,19,12,11,1,4,6,7,14,13,11,8,3,19,4,6,5,1,1,24,Vols violents sans arme contre des particuliers à leur domicile 
46,23,1,9,9,59,21,11,4,9,12,10,121,19,1,4,40,3,3,8,36,0,2,15,33,40,16,20,102,217,18,131,109,25,7,38,93,10,29,10,23,6,146,22,9,13,3,26,14,18,2,7,7,3,25,22,11,69,119,4,27,12,12,7,56,30,27,112,6,14,28,23,47,24,46,31,9,26,14,17,93,19,14,8,4,16,10,79,163,64,38,195,83,9,10,18,7,8,25,Vols violents sans arme contre des femmes sur voie publique ou autre lieu public 
61,46,3,15,4,66,30,7,6,16,33,22,121,44,2,15,38,9,6,13,48,4,16,23,37,71,22,60,112,283,14,195,126,63,3,65,153,20,49,19,42,15,261,49,8,28,4,47,18,27,7,15,16,13,61,37,14,123,161,9,51,30,29,10,80,39,43,144,11,20,46,34,67,31,92,54,24,35,20,12,103,47,48,13,6,23,22,131,197,105,82,180,257,18,36,12,4,11,26,Vols violents sans arme contre d'autres victimes 
2225,1205,390,430,134,1030,594,461,230,435,693,221,2129,625,117,524,1106,473,256,562,772,98,728,675,1231,1110,589,1020,1715,2956,379,3101,2374,1222,311,812,3775,420,498,548,977,373,2562,841,243,893,92,851,317,835,238,271,579,289,1171,1593,366,1804,1899,340,1149,842,490,258,895,1105,1265,2901,348,782,665,746,2033,855,1296,836,455,815,486,520,2025,1281,809,555,278,572,559,1256,919,690,483,857,817,56,475,750,110,92,27,Cambriolages de locaux d'habitations principales 
261,160,86,137,53,284,156,91,80,94,153,104,175,142,55,125,306,162,93,79,205,86,205,127,168,212,128,263,294,201,71,395,364,116,103,130,266,101,159,125,135,101,270,193,152,227,32,116,130,65,47,33,37,38,268,75,193,135,148,133,143,211,85,59,213,64,77,129,74,155,101,119,272,106,155,88,78,111,113,73,747,267,234,140,79,110,158,68,39,99,58,28,64,8,36,85,107,66,28,Cambriolages de résidences secondaires 
766,384,201,116,61,211,318,261,174,312,286,226,466,248,99,368,716,236,215,329,476,85,300,377,466,552,311,676,582,821,237,1632,745,1151,197,441,1171,284,410,193,368,168,1536,321,218,377,38,846,315,561,155,221,164,135,774,290,315,497,606,321,443,472,259,170,389,370,303,784,234,583,426,379,695,453,371,141,396,529,267,251,402,296,815,458,153,269,389,354,179,318,198,338,453,84,256,496,46,52,29,"Camb.de  locaux industriels, commerciaux ou financiers "
338,226,69,45,18,109,72,103,41,87,118,23,248,94,4,149,243,71,35,96,121,28,72,81,165,193,84,188,241,187,34,394,280,260,66,222,554,69,73,47,56,42,450,144,43,136,5,109,76,163,47,50,98,45,176,132,99,259,231,88,197,131,59,38,159,124,118,566,49,73,184,100,376,190,149,88,131,149,65,54,242,190,164,171,49,138,131,84,83,50,46,67,63,8,16,60,22,20,30,Cambriolages d'autres lieux 
35,23,11,7,1,23,11,16,10,16,21,14,48,35,7,20,53,21,19,32,48,8,41,26,23,56,37,35,41,24,3,62,61,52,12,62,87,6,24,27,8,6,69,45,14,27,0,44,28,16,11,39,21,4,33,43,18,80,57,20,28,28,9,14,38,53,13,39,18,31,49,16,66,36,54,50,29,33,11,10,35,13,51,31,23,9,22,51,53,12,20,11,17,1,4,8,8,1,31,Vols avec entrée par ruse en tous lieux 
652,187,76,86,42,642,193,130,116,104,215,104,766,160,32,122,258,88,58,280,359,34,249,194,177,300,258,643,594,1498,125,1024,1106,597,96,299,964,99,415,165,242,111,1508,247,75,135,18,348,195,154,47,129,165,58,475,402,116,900,833,114,308,229,280,88,631,360,461,1346,91,146,327,374,603,340,456,368,167,175,141,140,810,541,404,104,87,110,196,623,779,43,68,97,139,9,54,36,82,80,32,Vols à la tire 
296,220,57,39,36,185,136,66,48,95,59,58,160,117,32,90,177,65,53,205,343,39,107,207,183,174,104,265,165,412,39,472,367,275,57,226,412,168,108,106,114,89,460,154,87,147,22,192,118,117,48,76,75,29,229,242,81,191,359,72,170,177,80,47,94,281,165,250,90,177,271,148,299,211,78,88,180,147,73,58,286,163,212,99,52,215,74,171,119,70,59,96,178,9,84,111,32,24,33,Vols à l'étalage 
0,2,1,0,0,0,2,0,0,3,0,0,10,1,0,1,1,0,0,3,0,0,0,2,0,0,2,0,2,2,0,0,6,0,1,0,11,2,1,0,0,0,3,1,0,1,0,1,0,0,0,0,2,0,1,2,1,7,4,0,0,3,1,1,0,2,0,10,1,2,1,0,4,0,11,2,0,0,0,0,1,2,0,3,0,0,3,4,7,1,0,0,0,0,0,1,0,0,34,Vols de véhicules de transport avec frêt 
861,481,117,123,61,176,320,185,86,227,281,61,893,205,43,153,635,168,53,264,225,45,147,242,604,657,329,355,776,720,96,1043,950,392,114,330,1713,228,179,278,290,110,998,442,116,232,22,356,167,476,133,92,260,165,274,325,153,975,1999,145,338,433,141,58,635,178,201,1071,182,369,227,235,469,512,1014,461,174,497,184,165,565,521,330,153,57,249,406,774,1322,216,120,74,261,336,49,926,148,94,35,Vols d'automobiles 
258,113,32,58,17,210,105,37,48,38,86,32,278,115,10,60,229,38,24,79,148,10,54,60,137,151,51,203,204,335,24,510,330,182,33,138,326,49,148,50,92,48,602,144,44,107,15,158,62,91,32,37,56,34,147,96,60,183,208,38,136,106,107,21,172,117,124,275,40,111,129,90,253,136,133,48,130,94,58,49,351,148,218,70,22,55,91,131,86,199,107,181,311,183,190,62,56,56,36,Vols de véhicules motorisés à 2 roues 
1468,746,193,412,180,1031,696,281,266,328,936,246,2483,703,89,484,1019,215,149,584,764,74,403,416,988,893,439,1139,2212,4323,326,3462,3334,1640,196,860,3712,453,888,387,627,226,4203,838,215,515,85,1004,372,704,285,273,492,189,1133,874,203,1763,2197,201,933,838,685,207,2104,803,832,3072,210,563,798,811,1577,1140,1237,807,401,799,537,361,1726,1339,1422,401,218,536,387,1457,1284,1268,543,797,1611,110,411,333,140,131,37,Vols à la roulotte 
696,554,166,114,61,285,297,269,87,269,300,99,880,346,69,284,801,283,78,343,386,63,213,217,511,621,372,637,735,919,121,1467,786,858,193,490,1081,177,308,238,326,84,1674,500,164,213,57,767,287,532,263,163,378,169,923,496,232,846,1375,257,557,254,189,68,492,197,209,1091,129,348,481,274,412,498,689,598,334,631,180,133,666,444,583,326,155,358,370,792,602,316,142,102,327,123,49,82,126,103,38,Vols d''accessoires sur véhicules à moteur immatriculés 
104,66,54,39,19,88,35,54,34,63,64,24,180,51,18,37,96,37,16,57,65,29,50,54,71,78,62,105,119,216,22,348,193,122,30,74,183,22,66,45,64,27,258,64,21,46,12,68,77,65,26,17,48,23,141,98,37,114,119,29,99,92,43,26,118,113,51,157,38,64,68,57,156,98,100,53,35,59,41,22,123,89,79,45,21,50,33,95,79,43,15,30,60,11,22,38,37,20,39,Vols simples sur chantier 
68,122,79,53,37,16,58,158,36,115,99,45,79,77,70,97,154,122,78,96,80,101,70,52,122,95,94,97,167,66,56,167,141,67,90,78,89,43,70,60,74,111,178,85,45,88,17,111,92,119,39,41,66,47,101,58,97,84,67,55,138,154,37,58,102,118,67,41,61,86,89,34,44,71,49,19,113,118,29,59,52,87,89,79,106,62,98,12,18,92,47,21,100,0,39,75,13,10,40,Vols simples sur exploitations agricoles 
456,311,164,138,104,369,179,146,108,165,276,184,532,312,63,230,468,192,147,204,413,96,216,233,367,391,202,433,516,676,106,893,680,623,163,361,795,156,291,208,260,137,837,310,144,271,35,376,248,233,107,150,188,122,599,356,171,381,640,150,311,290,205,96,438,493,291,645,190,375,357,317,536,328,271,189,269,303,199,172,562,385,465,249,90,229,260,409,296,187,134,172,339,55,127,136,55,59,41,Autres vols simples contre des établissements publics ou privés 
1122,803,367,417,309,1003,553,423,309,484,649,277,1524,829,135,536,1270,426,254,477,1116,214,753,503,931,848,503,1375,1398,2024,295,2722,2387,1359,357,844,2525,422,833,448,562,313,1890,794,312,793,122,885,601,457,256,394,514,245,1214,863,339,1236,1294,345,982,700,516,298,1547,1118,762,1375,432,702,795,909,1743,845,809,439,672,838,535,275,1802,1036,1243,486,282,536,572,891,609,1081,644,679,1044,141,1076,603,232,216,42,Autres vols simples contre des particuliers dans  deslocaux privés 
1362,615,253,416,404,1415,642,317,292,415,838,274,2076,931,113,439,1393,311,206,646,1295,157,545,627,998,930,527,1589,1654,2974,348,3321,3516,1942,219,1138,3778,418,1152,442,736,337,2407,742,307,702,108,935,486,411,240,397,543,188,1343,1006,295,1021,1484,309,1048,786,660,372,2059,1764,1028,1882,400,654,801,2201,2523,782,825,586,573,791,525,426,2239,1279,1737,515,210,653,560,1470,867,897,655,667,1205,125,615,307,337,370,43,Autres vols simples contre des particuliers dans des locaux ou lieux publics 
133,126,54,25,19,126,106,84,30,157,69,64,249,106,10,78,182,79,95,156,132,11,110,94,158,169,97,165,160,226,27,436,619,419,49,99,577,66,90,63,77,54,287,199,56,86,8,141,55,63,30,69,49,133,123,153,52,290,599,60,152,142,67,62,152,179,171,453,54,142,125,217,189,228,194,120,106,125,129,133,220,123,137,149,33,85,196,182,137,343,141,213,192,67,191,226,33,58,44,Recels 
2,3,2,1,0,0,1,0,0,1,1,1,1,1,0,0,1,1,0,2,2,0,0,0,1,3,1,1,1,2,0,3,2,0,0,0,6,0,2,1,1,1,0,2,1,1,0,0,2,1,0,1,0,0,1,4,0,3,3,0,0,0,0,0,1,2,1,3,0,3,1,2,2,2,5,2,2,0,1,0,3,2,0,1,0,0,1,5,4,0,3,0,1,1,2,1,0,0,45,Proxénétisme 
59,32,25,11,8,27,32,14,15,11,22,14,43,44,8,27,30,22,13,12,43,9,30,31,31,53,29,41,34,72,8,119,72,68,18,48,103,17,32,22,22,9,64,36,18,30,8,42,32,16,19,18,19,9,50,40,20,55,67,24,63,29,32,5,33,66,41,75,11,39,67,36,70,37,46,22,37,34,23,19,42,37,42,30,15,20,39,26,41,31,51,32,83,6,31,31,3,10,46,Viols sur des majeur(e)s 
77,78,45,20,12,40,45,40,24,33,46,21,59,62,19,63,59,36,18,47,63,18,48,50,46,104,40,76,59,91,27,164,112,103,26,80,155,35,60,45,42,26,123,57,20,46,5,92,69,27,22,42,48,19,55,58,41,103,98,34,77,49,33,27,56,104,53,93,28,55,71,32,87,83,70,28,56,72,27,32,74,59,83,47,32,38,54,53,53,61,52,112,130,8,69,40,7,5,47,Viols sur des mineur(e)s 
48,33,20,20,34,42,30,18,13,25,21,23,67,52,22,18,46,19,20,43,57,12,37,42,32,49,41,61,52,91,24,128,100,64,28,47,105,23,29,33,38,25,115,56,29,38,15,50,39,27,13,15,30,16,76,41,19,77,98,31,68,40,26,15,32,90,56,82,26,30,61,47,66,38,25,34,33,45,33,29,62,37,81,34,19,34,47,44,50,42,48,11,94,11,40,34,4,9,48,Harcèlements sexuels et autres agressions sexuelles contre des majeur(e)s 
119,91,41,26,23,43,60,53,39,60,65,35,87,111,54,95,129,56,31,63,139,27,66,71,65,120,69,129,101,162,50,210,129,142,31,94,157,62,70,69,88,37,174,104,44,69,12,113,119,58,38,61,79,47,122,95,50,147,160,81,178,51,55,17,78,153,98,130,68,92,155,59,124,113,103,53,69,114,70,42,98,45,123,66,39,52,81,63,64,54,62,73,186,14,94,42,7,9,49,Harcèlements sexuels et autres agressions sexuelles contre des mineur(e)s 
96,97,27,30,19,58,41,62,25,49,47,31,99,69,24,33,94,31,25,53,87,22,57,61,49,91,61,106,98,158,28,146,102,125,30,74,161,38,64,53,39,35,152,56,26,41,7,84,59,46,25,46,72,24,83,106,31,140,149,41,127,55,42,27,53,118,81,101,43,50,72,46,100,71,80,36,44,87,36,30,82,47,98,51,32,52,55,40,54,63,61,49,139,14,58,33,14,17,50,Atteintes sexuelles 
4,1,0,0,0,0,0,1,1,0,1,0,0,1,0,0,0,0,0,1,0,0,1,0,3,0,0,2,1,1,0,2,1,0,0,0,0,1,0,2,0,0,1,0,0,0,0,0,0,0,0,0,0,0,1,2,0,2,0,0,0,0,0,0,1,0,1,2,0,0,0,0,1,0,0,1,0,0,0,0,0,2,1,0,1,0,0,1,0,0,0,0,0,0,0,0,2,0,51,Homicides commis contre enfants de moins de 15 ans 
267,315,93,53,49,184,118,136,51,153,123,109,204,165,38,153,233,71,45,112,207,40,100,180,158,283,217,252,244,446,66,492,276,342,117,191,499,117,108,220,190,63,467,319,54,141,22,315,185,183,85,90,180,107,229,273,94,545,536,155,524,152,103,43,133,391,317,321,118,125,424,144,264,266,449,142,151,293,132,82,314,159,265,138,65,140,227,195,179,126,184,281,342,73,117,138,39,34,52,"Violences, mauvais traitements et abandons d'enfants. "
291,305,101,88,54,237,177,151,99,179,193,90,352,321,39,157,288,91,73,190,254,49,194,257,227,345,213,416,447,550,73,710,599,445,98,205,830,92,225,158,159,100,594,224,71,233,24,291,190,194,77,109,144,80,265,280,100,535,406,144,511,215,137,77,300,334,289,427,165,152,278,200,427,294,259,107,196,311,188,118,348,244,373,145,70,132,123,212,153,217,87,75,230,10,50,50,47,58,53,Délits au sujet de la garde des mineurs 
209,73,31,33,18,156,39,61,31,55,61,17,177,58,11,40,77,29,18,59,91,15,79,65,61,91,71,104,131,161,24,227,173,86,19,65,242,44,96,54,63,20,192,89,23,78,7,83,58,56,25,33,58,34,94,178,32,165,218,32,109,50,83,31,106,147,134,177,47,60,49,78,296,91,96,42,56,84,52,36,182,161,103,29,20,34,93,79,72,93,56,42,83,26,55,79,29,44,54,Non versement de pension alimentaire 
20,6,4,6,2,25,8,7,7,24,6,5,39,23,2,2,8,5,2,18,17,3,7,28,12,21,18,6,8,18,2,27,25,19,1,7,52,5,21,4,7,6,6,10,3,6,1,14,7,7,2,8,10,8,9,46,4,24,16,5,5,17,20,10,28,11,16,10,8,15,1,6,49,27,19,33,9,12,4,2,15,13,9,5,12,12,11,48,15,26,34,97,17,3,39,12,0,1,55,Trafic et revente sans usage de stupéfiants 
44,67,54,34,57,91,43,34,12,60,42,27,58,133,22,85,110,49,28,75,105,12,32,55,21,108,61,129,73,79,23,297,139,156,20,24,99,120,25,6,62,78,199,63,48,39,8,76,57,25,37,45,32,66,84,93,29,176,61,58,113,36,40,62,57,157,107,59,32,81,51,81,101,112,66,47,74,58,40,28,90,84,160,69,38,26,61,29,17,96,49,31,99,25,292,67,19,21,56,Usage-revente de stupéfiants 
552,339,352,491,546,925,546,310,192,329,408,267,1085,658,115,145,898,262,243,617,531,126,236,371,556,465,490,693,541,840,353,1041,1659,848,140,255,1708,308,495,150,548,465,1172,714,284,134,87,424,333,221,139,355,378,256,515,864,203,1310,757,212,698,263,319,325,552,824,570,1001,224,472,356,751,1565,604,1174,620,318,520,353,158,944,824,680,262,192,506,601,536,506,991,857,179,978,205,714,528,100,121,57,Usage de stupéfiants 
14,35,5,3,8,68,5,11,6,20,15,3,90,28,1,16,9,15,6,57,33,23,56,47,15,29,18,12,40,6,0,62,112,17,1,21,20,10,77,10,5,76,16,12,3,0,6,8,3,3,2,11,2,3,17,49,6,8,22,6,6,32,9,8,52,272,6,33,7,10,3,52,48,114,32,9,98,12,4,1,63,4,14,19,31,27,27,138,45,6,7,49,11,2,7,14,2,5,58,Autres infractions à la législation sur les stupéfiants 
3,4,2,3,5,10,4,2,16,1,7,1,18,4,3,1,7,1,1,7,6,0,2,4,3,0,2,3,3,9,4,7,10,4,1,1,13,1,6,0,5,5,8,3,3,2,2,1,2,2,0,1,2,1,5,1,1,2,3,0,4,4,2,1,13,9,7,6,5,3,1,3,6,8,5,1,0,0,2,1,19,9,2,0,1,0,5,4,2,11,11,2,20,2,12,5,0,4,59,Délits de débits de boissons et infraction à la règlementation sur l'alcool  et le tabac 
3,9,1,0,0,4,3,2,2,0,1,0,5,3,1,4,3,2,0,0,6,1,5,3,4,3,5,10,5,3,3,7,9,6,1,3,14,3,2,2,1,1,9,8,3,2,3,6,2,2,2,5,4,0,3,10,1,8,2,2,6,9,2,0,3,12,0,10,2,1,1,2,6,1,2,4,4,5,2,2,4,4,4,3,0,2,5,2,2,1,1,5,6,0,0,1,2,3,60,Fraudes alimentaires et infractions à l'hygiène 
12,5,2,9,6,15,7,5,3,3,5,3,42,9,8,6,7,2,5,3,12,0,10,5,8,7,5,34,29,20,3,27,18,13,1,11,20,8,10,4,5,9,19,9,4,5,0,10,8,5,5,8,3,1,23,9,13,12,12,4,5,4,11,3,11,7,13,21,5,7,13,7,6,7,4,5,11,8,7,2,19,14,15,8,2,2,2,5,5,3,2,0,9,0,1,1,4,10,61,Autres délits contre santé publique et la réglementation des professions médicales 
55,24,14,6,5,7,30,7,12,23,26,10,32,22,4,6,20,6,8,18,32,5,13,19,41,31,12,43,45,67,10,41,60,53,3,23,121,19,20,10,27,13,52,30,18,26,5,24,18,7,15,15,16,11,34,41,18,28,44,12,26,41,11,6,26,47,33,64,10,26,16,24,39,24,25,7,24,23,22,9,29,25,24,24,11,12,21,13,9,5,11,6,40,0,3,44,15,21,62,Incendies volontaires de biens publics 
212,125,34,21,10,39,72,47,21,51,45,21,71,53,11,38,81,41,8,61,56,15,30,71,72,115,57,86,136,178,27,150,133,70,29,61,463,40,21,35,60,22,186,65,37,46,6,82,38,70,49,17,62,29,63,163,52,178,190,22,93,111,20,21,56,125,161,178,68,70,48,37,119,63,101,43,44,121,39,32,95,81,64,43,8,77,74,64,70,55,16,30,147,8,15,125,67,77,63,Incendies volontaires de biens privés 
0,0,0,0,0,0,0,0,0,0,0,0,0,0,0,0,0,0,0,0,0,0,0,0,0,0,0,0,0,0,0,0,0,0,0,0,0,0,0,0,0,0,0,0,0,0,0,0,0,0,0,0,0,0,0,0,0,0,0,0,0,0,0,0,0,0,0,0,0,0,0,0,0,0,0,0,0,0,0,0,1,0,0,0,0,0,0,0,0,0,0,0,0,0,0,0,0,0,64,Attentats à l'explosif contre des biens publics 
0,0,0,0,0,0,0,0,0,0,0,0,0,0,0,0,0,0,0,0,0,0,0,0,0,0,0,0,0,0,0,0,0,0,0,0,0,0,0,0,0,0,0,0,0,0,0,0,0,0,0,0,0,0,0,0,0,0,0,0,0,0,0,0,0,0,0,0,1,0,0,0,0,0,0,0,0,0,0,0,0,0,0,0,0,0,0,0,0,0,0,0,0,0,0,0,0,1,65,Attentats à l'explosif contre des biens privés 
316,186,130,64,76,164,123,147,94,123,113,81,179,179,39,134,152,135,112,205,229,54,169,204,214,160,156,372,239,441,65,443,238,391,106,214,564,223,162,150,133,87,448,196,50,166,28,276,123,119,171,140,167,90,245,243,87,250,363,141,259,164,156,55,165,382,259,291,139,239,214,135,289,159,159,116,238,198,152,112,195,129,297,154,88,162,148,167,113,71,47,75,151,24,55,316,53,62,66,Autres destructions er dégradations de biens publics 
295,313,92,104,57,185,166,190,96,204,174,110,287,187,62,154,217,123,50,130,307,62,138,214,275,241,173,468,303,540,65,499,554,325,54,230,724,99,163,124,159,81,526,197,66,130,41,236,206,194,87,127,227,69,328,268,76,383,550,132,252,205,128,84,234,362,231,279,135,168,185,201,327,191,185,191,229,182,91,110,306,201,275,89,81,147,178,218,186,121,93,75,182,25,60,205,101,76,67,Autres destructions er dégradations de biens privés 
566,535,86,87,34,215,236,198,133,266,135,87,364,216,43,177,398,140,73,150,295,50,116,206,311,359,112,484,381,1088,98,686,779,623,58,362,1049,83,227,142,157,75,773,181,65,165,19,313,184,263,103,202,337,52,369,269,95,646,965,365,220,216,95,97,267,361,412,319,115,140,241,212,457,222,188,229,188,250,134,131,326,218,239,118,91,135,159,209,260,121,95,121,203,39,55,217,106,205,68,Destructions et dégradations de véhicules privés 
15,1,3,0,3,5,10,0,1,3,6,2,22,279,0,0,2,1,2,33,3,0,0,3,3,2,1,3,21,6,2,8,8,1,0,0,15,3,0,0,12,1,16,1,0,4,0,1,0,1,0,5,1,3,2,51,0,1,1,0,7,0,7,0,66,11,1,2,1,0,1,0,2,18,1,6,0,1,0,1,21,0,0,54,1,0,2,2,20,5,6,9,0,1,0,0,0,6,69,Infractions aux conditions générales d'entrée et de séjour des étrangers 
3,1,0,2,15,11,0,2,0,2,1,0,0,6,1,0,0,0,0,0,1,1,0,0,4,2,0,2,1,0,0,2,3,1,0,1,2,4,2,0,2,0,2,9,0,0,0,1,0,1,0,0,1,1,2,1,0,1,1,0,1,0,1,0,3,0,0,3,0,1,2,1,5,3,9,4,0,0,0,1,8,0,1,1,0,0,0,8,2,7,1,17,1,0,0,0,1,3,70,"Aide à l'entrée, à la circulation et au séjour des étrangers "
7,0,1,1,0,9,1,1,0,5,4,2,2,7,0,0,2,0,3,0,5,3,0,2,3,2,2,4,0,5,0,13,11,1,0,6,5,3,1,0,5,3,3,1,0,0,0,0,0,3,1,2,0,4,2,4,1,0,2,1,3,0,1,0,3,4,9,5,4,1,5,2,8,3,7,2,1,1,2,3,14,1,2,0,0,0,3,3,11,5,1,10,0,0,0,0,0,2,71,Autres infractions à la police des étrangers 
75,96,22,32,16,123,49,59,30,81,28,12,119,69,16,12,55,26,22,42,101,17,31,54,42,73,71,56,86,104,24,110,143,101,26,52,202,37,55,27,42,33,114,64,16,30,8,48,45,55,26,32,74,35,69,85,24,119,110,31,42,48,34,22,104,125,91,140,37,70,50,55,128,83,74,42,52,55,64,23,203,100,68,31,23,58,60,103,105,89,64,66,119,40,31,54,14,30,72,Outrages à dépositaires autorité 
61,75,25,28,15,84,68,46,24,65,48,21,92,96,20,19,64,28,34,33,85,19,39,45,42,75,73,75,107,132,17,178,204,104,29,51,241,30,31,41,61,23,123,49,15,47,8,28,46,48,21,33,82,39,68,97,23,168,165,30,96,47,33,25,93,130,96,169,29,68,67,85,120,74,69,48,36,47,49,29,154,46,47,38,34,26,64,98,103,60,93,171,168,16,50,152,7,9,73,Violences à dépositaires autorité 
102,71,51,89,17,133,116,58,34,39,48,32,221,226,22,35,71,56,50,103,76,38,47,88,109,115,59,47,150,156,37,158,214,81,34,43,475,58,35,39,77,39,99,117,36,27,15,145,41,52,26,31,75,29,63,167,17,116,136,48,48,57,23,38,96,254,166,96,60,62,75,60,187,90,316,79,74,70,51,26,165,95,71,50,44,64,121,74,86,326,135,125,208,48,12,43,80,74,74,Port ou détention armes prohibées 
7,11,3,3,2,13,6,10,4,15,9,4,17,6,0,8,7,5,2,8,9,1,4,12,7,5,3,3,43,14,2,9,15,10,1,4,12,4,3,2,3,0,4,10,1,5,0,6,6,19,4,4,10,5,7,19,2,26,10,2,12,12,8,4,6,11,16,14,2,7,6,4,8,9,16,9,7,6,3,12,52,18,14,9,3,4,5,9,2,20,22,20,10,2,12,2,1,21,75,Atteintes aux intérêts fondamentaux de la Nation 
1,0,0,0,0,0,0,0,0,0,1,0,1,0,0,0,0,0,0,0,0,0,0,1,0,0,0,0,0,0,0,0,0,0,0,0,0,0,0,0,0,0,0,0,0,0,0,1,0,0,0,0,0,0,1,0,0,0,0,0,0,0,0,0,0,0,0,0,0,0,0,0,0,0,0,0,0,0,0,0,0,1,0,0,0,0,0,0,0,1,1,2,0,0,4,1,0,0,76,Délits des courses et des jeux 
3,0,0,0,0,2,1,0,1,1,0,0,2,1,1,4,2,0,1,1,10,0,0,0,1,1,0,1,6,2,0,2,1,1,0,2,1,0,0,0,1,1,1,3,4,0,2,2,0,0,0,1,1,0,2,1,1,0,1,0,0,1,0,0,1,3,0,2,2,0,1,1,5,0,2,1,0,4,0,0,4,1,0,0,0,5,5,1,0,0,2,0,1,0,1,1,0,0,77,Délits interdiction de séjour et de paraître 
36,50,25,16,12,23,21,25,19,34,23,14,33,37,13,27,43,28,19,41,23,14,29,16,15,39,27,46,37,43,18,89,54,21,20,20,72,33,20,15,19,14,54,21,14,30,3,32,22,27,11,12,33,11,29,49,23,59,48,18,58,34,24,22,27,28,15,28,22,25,31,14,27,31,32,18,36,54,23,15,41,21,39,29,24,19,26,23,12,25,13,18,38,2,17,46,18,12,78,"Destructions, cruautés et autres délits envers les animaux "
17,11,14,8,6,42,189,8,14,11,19,15,23,19,17,20,36,6,5,15,31,11,17,23,9,22,17,39,19,27,9,51,38,29,6,19,40,16,11,12,21,27,34,14,22,9,45,26,28,19,12,16,12,11,15,39,5,22,23,11,18,30,16,5,6,38,30,22,21,21,9,10,38,11,15,25,16,24,10,10,60,15,17,4,8,13,19,14,24,9,5,320,28,4,6,8,20,18,79,Atteintes à l'environnement 
1,2,0,4,2,4,0,0,0,0,3,1,2,7,0,1,4,1,0,2,38,1,2,0,0,3,5,4,2,0,2,6,8,3,0,3,3,2,0,5,2,1,15,1,6,2,1,1,9,2,0,1,3,0,10,2,0,3,1,3,10,0,0,0,0,1,1,1,1,0,1,2,1,2,1,1,3,41,1,0,2,2,23,0,0,1,1,0,0,7,5,1,23,5,1,24,4,1,80,Chasse et pêche 
1,4,0,1,1,7,1,0,2,8,0,5,5,4,0,3,3,2,2,0,4,1,6,2,3,3,1,3,3,8,1,8,6,2,7,3,16,4,2,4,4,1,10,2,1,1,2,5,1,0,0,2,3,0,5,3,1,6,8,2,3,0,0,1,3,3,7,9,1,1,9,4,9,4,34,13,7,0,0,0,4,3,0,0,3,0,10,23,10,3,3,11,1,1,0,0,0,1,81,Faux documents d'identité 
19,6,6,2,4,27,10,11,4,11,15,14,21,12,7,11,12,11,3,15,16,4,16,4,11,13,4,11,21,20,5,39,14,17,8,14,22,6,16,3,19,7,28,17,7,10,2,9,11,8,3,8,5,3,10,19,6,33,18,14,18,11,10,9,14,29,19,12,7,10,13,11,26,16,17,6,14,24,8,5,23,9,19,11,3,8,12,9,8,18,6,8,9,1,1,3,6,1,82,Faux documents concernant la circulation des véhicules 
31,23,13,8,7,29,24,8,8,23,17,10,33,30,7,17,26,11,9,14,26,9,17,21,19,32,23,28,35,45,10,50,46,30,9,19,69,8,27,10,21,13,38,41,6,14,0,12,10,23,10,13,17,3,32,37,18,27,50,27,32,12,17,12,30,59,14,41,9,14,27,26,34,31,29,20,19,20,8,8,66,30,15,15,12,8,72,33,27,19,17,24,18,10,7,9,6,6,83,Autres faux documents administratifs 
7,7,4,2,2,12,1,5,4,2,2,1,13,7,1,4,8,2,1,1,12,0,2,5,5,9,4,4,13,14,1,6,10,15,1,4,13,1,4,7,14,5,6,6,5,4,2,2,3,3,0,4,4,2,4,7,4,8,8,2,12,3,2,3,14,11,3,8,7,3,7,8,10,2,9,5,0,7,4,3,17,5,7,0,2,1,0,5,3,6,6,2,5,3,1,2,3,1,84,Faux en écriture publique et authentique 
71,55,22,21,11,107,32,29,16,31,42,19,106,54,16,34,63,32,17,40,51,16,37,40,54,80,35,44,85,108,23,142,110,64,19,52,165,26,33,39,39,22,67,49,21,30,4,33,27,40,15,16,59,7,48,79,21,71,104,24,62,46,39,20,81,101,52,79,25,49,34,44,80,44,52,51,50,69,41,24,130,55,54,32,23,31,44,56,124,42,29,16,52,7,7,12,26,16,85,Autres faux en écriture 
29,5,3,0,2,18,1,0,0,3,2,9,6,3,2,1,1,2,2,8,3,0,4,7,1,5,1,4,1,14,0,9,5,2,0,2,35,4,2,0,4,8,5,6,0,4,1,4,5,3,2,0,4,0,3,7,2,6,8,6,3,7,11,0,17,14,8,26,5,5,2,5,15,4,9,5,4,4,4,6,9,6,6,2,0,3,6,7,13,9,3,4,5,0,19,0,1,2,86,Fausse monnaie 
14,11,7,0,0,2,19,3,2,1,1,10,14,9,4,3,1,7,0,16,8,2,2,4,0,22,7,17,8,227,0,24,57,8,1,5,5,9,4,2,3,1,7,17,2,1,0,1,3,6,1,3,9,2,115,31,1,22,4,8,10,5,1,3,2,38,35,35,10,2,3,4,53,7,20,28,3,5,2,0,7,3,7,1,4,4,3,12,85,0,3,3,8,2,0,0,2,3,87,Contrefaçons et fraudes industrielles et commerciales 
1,0,2,0,0,5,1,0,0,0,0,1,1,0,0,0,2,1,0,4,4,0,0,5,0,4,0,1,3,5,0,5,8,0,0,0,7,0,0,2,2,0,1,0,1,0,0,2,2,2,0,0,2,0,0,6,0,1,0,1,2,0,3,0,1,3,1,3,0,0,6,0,0,3,1,1,0,0,2,5,2,5,4,0,0,0,1,1,0,6,1,0,3,0,0,0,2,1,88,Contrefaçons littéraires et artistique 
334,306,80,80,45,123,48,98,45,148,60,100,921,78,102,181,442,132,98,202,655,64,227,223,139,349,141,419,272,714,178,581,379,465,107,348,235,322,163,90,88,149,710,325,127,202,11,771,289,63,88,141,68,33,389,97,156,392,508,79,355,165,162,60,175,136,512,462,39,103,333,108,348,87,205,239,268,175,105,183,309,97,183,231,85,169,224,211,136,229,95,61,122,9,172,70,130,51,89,Falsification et usages de chèques volés 
152,67,18,59,23,107,45,26,9,36,38,45,305,41,6,113,99,20,21,40,170,19,40,100,48,63,35,184,126,534,37,120,73,229,20,76,145,34,58,16,81,38,417,100,29,36,9,127,58,29,18,32,37,18,217,53,55,85,324,36,114,41,30,13,74,89,137,525,29,43,189,58,274,38,78,35,52,16,45,15,202,32,109,36,25,20,57,42,53,37,31,34,54,1,38,10,8,13,90,Falsification et usages de cartes de crédit 
1515,852,521,401,289,1329,562,519,369,717,678,493,1608,937,282,1107,1152,559,457,764,1457,316,888,868,861,1127,764,1738,1463,2773,449,2822,2255,1618,435,1275,2738,571,935,653,950,601,2029,1201,476,780,136,1107,812,625,410,536,739,351,1412,1280,497,1357,1783,541,1103,1036,793,329,1285,1615,1155,2101,558,944,1258,941,1892,945,1022,726,730,939,606,831,2002,1153,1523,805,527,568,925,1014,971,855,558,358,892,98,321,186,385,393,91,Escroqueries et abus de confiance 
15,17,10,27,11,25,6,26,26,12,12,16,35,13,22,42,107,7,18,48,53,2,33,23,11,14,2,27,28,62,20,82,74,63,15,6,28,3,15,19,52,14,31,12,20,36,7,15,91,18,21,14,13,9,60,20,6,37,16,43,37,16,15,1,34,29,54,19,12,46,11,15,14,21,29,5,8,5,29,12,46,30,25,10,10,2,23,9,5,29,8,7,35,1,3,1,22,12,92,Infractions à la législation sur les chèques 
27,24,22,20,16,121,22,13,34,28,27,14,102,37,17,20,27,13,42,47,44,15,33,33,26,48,22,41,38,64,11,82,76,43,12,32,97,21,38,33,25,25,70,40,32,15,11,22,34,27,12,31,13,4,36,77,16,52,54,25,32,22,17,12,40,50,41,66,25,28,23,36,58,51,96,84,18,32,21,17,111,61,29,14,17,23,21,57,144,78,35,41,127,34,21,29,55,71,93,Travail clandestin 
3,1,0,0,1,12,1,2,0,4,0,0,13,1,4,0,1,0,1,1,0,0,0,0,2,3,2,0,1,9,1,5,2,1,0,6,5,1,0,0,2,0,1,7,2,0,0,2,1,0,0,0,0,0,0,4,0,0,2,0,0,0,0,1,0,1,3,1,0,0,0,1,9,5,61,16,1,0,0,2,13,4,0,0,0,0,1,20,69,1,0,5,0,1,0,0,1,2,94,Emploi d'étranger sans titre de travail 
0,0,1,2,0,3,0,0,0,3,0,1,1,0,0,0,0,0,0,0,0,0,0,0,0,0,0,0,0,0,1,1,1,1,0,1,1,0,0,3,0,0,0,1,0,0,0,1,1,2,0,1,0,0,1,0,0,1,0,0,0,0,1,0,2,0,0,1,0,0,0,0,1,1,0,1,0,0,0,0,4,0,0,0,0,0,0,0,2,0,0,0,0,0,0,0,0,1,95,Marchandage - prêt de main d'oeuvre 
nan nan nan nan ,nan nan nan nan nan ,nan nan nan ,nan nan nan nan ,nan nan ,nan nan nan nan nan ,nan nan nan ,nan nan nan nan nan ,nan nan nan ,nan nan nan ,nan nan nan ,nan nan nan ,nan nan nan nan nan ,nan nan nan nan nan nan ,nan nan nan ,nan nan nan ,nan nan nan nan nan ,nan nan nan ,nan nan ,nan nan nan nan ,nan nan nan nan ,nan nan ,nan nan nan nan ,nan nan nan ,nan nan nan nan ,nan nan nan nan nan ,nan nan nan nan ,nan nan nan nan nan nan ,nan nan nan nan nan ,nan nan nan nan nan ,nan nan ,nan nan nan nan nan nan nan ,nan nan nan nan nan ,nan nan nan nan nan ,nan nan nan ,nan nan nan nan ,nan nan nan nan nan nan nan ,nan nan nan ,nan nan nan ,nan nan nan ,nan nan nan ,nan nan nan ,nan nan nan nan nan nan ,nan nan nan nan ,nan nan nan ,nan nan nan nan ,nan nan ,nan nan nan nan ,nan nan nan nan ,nan nan nan nan ,nan nan nan ,nan nan ,nan nan nan nan ,nan nan ,nan nan nan nan ,nan nan nan nan nan nan ,nan nan nan ,nan nan nan nan nan nan nan ,nan nan nan nan nan nan ,nan nan nan ,nan nan nan nan nan nan ,nan nan nan nan nan nan ,nan nan nan nan nan ,nan nan nan ,nan nan nan nan ,nan nan nan nan nan nan ,nan nan nan nan ,nan nan nan nan nan ,nan nan ,nan nan nan nan nan ,nan nan nan ,nan nan nan ,nan nan nan nan nan ,nan nan nan nan nan nan ,nan nan nan nan nan ,nan nan nan ,nan nan nan ,nan nan nan nan ,nan nan nan ,nan nan ,nan nan nan nan nan ,nan nan nan nan ,nan nan nan ,nan nan nan ,nan nan nan ,nan nan nan ,nan nan nan ,nan nan nan ,nan nan nan ,nan nan nan ,nan nan nan ,nan nan nan ,nan nan nan ,nan ,nan nan ,nan nan nan nan ,nan nan nan ,nan nan nan nan ,96,Index non utilisé 
nan nan nan nan ,nan nan nan nan nan ,nan nan nan ,nan nan nan nan ,nan nan ,nan nan nan nan nan ,nan nan nan ,nan nan nan nan nan ,nan nan nan ,nan nan nan ,nan nan nan ,nan nan nan ,nan nan nan nan nan ,nan nan nan nan nan nan ,nan nan nan ,nan nan nan ,nan nan nan nan nan ,nan nan nan ,nan nan ,nan nan nan nan ,nan nan nan nan ,nan nan ,nan nan nan nan ,nan nan nan ,nan nan nan nan ,nan nan nan nan nan ,nan nan nan nan ,nan nan nan nan nan nan ,nan nan nan nan nan ,nan nan nan nan nan ,nan nan ,nan nan nan nan nan nan nan ,nan nan nan nan nan ,nan nan nan nan nan ,nan nan nan ,nan nan nan nan ,nan nan nan nan nan nan nan ,nan nan nan ,nan nan nan ,nan nan nan ,nan nan nan ,nan nan nan ,nan nan nan nan nan nan ,nan nan nan nan ,nan nan nan ,nan nan nan nan ,nan nan ,nan nan nan nan ,nan nan nan nan ,nan nan nan nan ,nan nan nan ,nan nan ,nan nan nan nan ,nan nan ,nan nan nan nan ,nan nan nan nan nan nan ,nan nan nan ,nan nan nan nan nan nan nan ,nan nan nan nan nan nan ,nan nan nan ,nan nan nan nan nan nan ,nan nan nan nan nan nan ,nan nan nan nan nan ,nan nan nan ,nan nan nan nan ,nan nan nan nan nan nan ,nan nan nan nan ,nan nan nan nan nan ,nan nan ,nan nan nan nan nan ,nan nan nan ,nan nan nan ,nan nan nan nan nan ,nan nan nan nan nan nan ,nan nan nan nan nan ,nan nan nan ,nan nan nan ,nan nan nan nan ,nan nan nan ,nan nan ,nan nan nan nan nan ,nan nan nan nan ,nan nan nan ,nan nan nan ,nan nan nan ,nan nan nan ,nan nan nan ,nan nan nan ,nan nan nan ,nan nan nan ,nan nan nan ,nan nan nan ,nan nan nan ,nan ,nan nan ,nan nan nan nan ,nan nan nan ,nan nan nan nan ,97,Index non utilisé 
8,7,6,6,5,15,5,4,3,1,7,0,6,8,7,1,8,2,5,11,3,0,11,5,7,10,4,20,7,19,3,15,17,7,3,5,14,2,9,9,8,5,21,5,7,8,0,3,6,1,3,7,7,4,8,35,8,15,7,3,5,9,7,5,5,21,20,17,9,2,16,9,11,4,9,10,1,3,4,6,25,7,4,4,1,3,6,7,9,3,7,5,21,2,11,7,10,14,98,"Banqueroutes, abus de biens sociaux et autres délits de société "
nan nan nan nan ,nan nan nan nan nan ,nan nan nan ,nan nan nan nan ,nan nan ,nan nan nan nan nan ,nan nan nan ,nan nan nan nan nan ,nan nan nan ,nan nan nan ,nan nan nan ,nan nan nan ,nan nan nan nan nan ,nan nan nan nan nan nan ,nan nan nan ,nan nan nan ,nan nan nan nan nan ,nan nan nan ,nan nan ,nan nan nan nan ,nan nan nan nan ,nan nan ,nan nan nan nan ,nan nan nan ,nan nan nan nan ,nan nan nan nan nan ,nan nan nan nan ,nan nan nan nan nan nan ,nan nan nan nan nan ,nan nan nan nan nan ,nan nan ,nan nan nan nan nan nan nan ,nan nan nan nan nan ,nan nan nan nan nan ,nan nan nan ,nan nan nan nan ,nan nan nan nan nan nan nan ,nan nan nan ,nan nan nan ,nan nan nan ,nan nan nan ,nan nan nan ,nan nan nan nan nan nan ,nan nan nan nan ,nan nan nan ,nan nan nan nan ,nan nan ,nan nan nan nan ,nan nan nan nan ,nan nan nan nan ,nan nan nan ,nan nan ,nan nan nan nan ,nan nan ,nan nan nan nan ,nan nan nan nan nan nan ,nan nan nan ,nan nan nan nan nan nan nan ,nan nan nan nan nan nan ,nan nan nan ,nan nan nan nan nan nan ,nan nan nan nan nan nan ,nan nan nan nan nan ,nan nan nan ,nan nan nan nan ,nan nan nan nan nan nan ,nan nan nan nan ,nan nan nan nan nan ,nan nan ,nan nan nan nan nan ,nan nan nan ,nan nan nan ,nan nan nan nan nan ,nan nan nan nan nan nan ,nan nan nan nan nan ,nan nan nan ,nan nan nan ,nan nan nan nan ,nan nan nan ,nan nan ,nan nan nan nan nan ,nan nan nan nan ,nan nan nan ,nan nan nan ,nan nan nan ,nan nan nan ,nan nan nan ,nan nan nan ,nan nan nan ,nan nan nan ,nan nan nan ,nan nan nan ,nan nan nan ,nan ,nan nan ,nan nan nan nan ,nan nan nan ,nan nan nan nan ,99,Index non utilisé 
nan nan nan nan ,nan nan nan nan nan ,nan nan nan ,nan nan nan nan ,nan nan ,nan nan nan nan nan ,nan nan nan ,nan nan nan nan nan ,nan nan nan ,nan nan nan ,nan nan nan ,nan nan nan ,nan nan nan nan nan ,nan nan nan nan nan nan ,nan nan nan ,nan nan nan ,nan nan nan nan nan ,nan nan nan ,nan nan ,nan nan nan nan ,nan nan nan nan ,nan nan ,nan nan nan nan ,nan nan nan ,nan nan nan nan ,nan nan nan nan nan ,nan nan nan nan ,nan nan nan nan nan nan ,nan nan nan nan nan ,nan nan nan nan nan ,nan nan ,nan nan nan nan nan nan nan ,nan nan nan nan nan ,nan nan nan nan nan ,nan nan nan ,nan nan nan nan ,nan nan nan nan nan nan nan ,nan nan nan ,nan nan nan ,nan nan nan ,nan nan nan ,nan nan nan ,nan nan nan nan nan nan ,nan nan nan nan ,nan nan nan ,nan nan nan nan ,nan nan ,nan nan nan nan ,nan nan nan nan ,nan nan nan nan ,nan nan nan ,nan nan ,nan nan nan nan ,nan nan ,nan nan nan nan ,nan nan nan nan nan nan ,nan nan nan ,nan nan nan nan nan nan nan ,nan nan nan nan nan nan ,nan nan nan ,nan nan nan nan nan nan ,nan nan nan nan nan nan ,nan nan nan nan nan ,nan nan nan ,nan nan nan nan ,nan nan nan nan nan nan ,nan nan nan nan ,nan nan nan nan nan ,nan nan ,nan nan nan nan nan ,nan nan nan ,nan nan nan ,nan nan nan nan nan ,nan nan nan nan nan nan ,nan nan nan nan nan ,nan nan nan ,nan nan nan ,nan nan nan nan ,nan nan nan ,nan nan ,nan nan nan nan nan ,nan nan nan nan ,nan nan nan ,nan nan nan ,nan nan nan ,nan nan nan ,nan nan nan ,nan nan nan ,nan nan nan ,nan nan nan ,nan nan nan ,nan nan nan ,nan nan nan ,nan ,nan nan ,nan nan nan nan ,nan nan nan ,nan nan nan nan ,100,Index non utilisé 
3,3,2,4,5,5,5,1,8,3,3,7,7,9,0,4,6,2,1,11,12,3,8,7,2,6,5,11,13,10,6,26,6,9,1,13,8,2,3,7,6,4,19,14,2,6,2,6,6,3,3,3,7,2,9,17,2,2,7,5,6,4,5,4,11,23,9,5,8,6,9,5,8,8,4,4,4,9,7,0,9,6,11,4,1,6,5,8,4,4,0,0,2,0,0,1,8,4,101,"Prix illicittes, publicité fausse et infractions aux règles de la concurrence "
1,2,0,1,0,2,1,2,4,0,0,2,5,2,0,0,0,0,0,1,1,1,2,0,0,0,1,3,3,2,1,5,0,2,0,0,3,3,0,0,3,1,0,1,2,0,0,1,1,1,2,0,1,1,4,4,0,1,0,1,2,0,1,0,0,3,1,2,0,2,2,1,3,0,2,0,0,1,1,1,3,1,2,1,5,1,0,1,0,1,0,1,3,0,0,0,0,2,102,Achats et ventes sans factures 
6,3,0,1,3,7,3,1,1,1,4,3,12,5,10,2,5,0,1,1,7,4,4,3,6,4,2,9,7,6,3,20,8,9,0,5,13,5,6,10,8,5,5,5,3,2,0,0,9,6,1,2,1,2,5,5,3,3,5,2,3,2,1,1,5,18,14,5,2,4,5,4,4,0,1,4,1,2,2,4,11,7,2,0,6,4,2,4,2,3,1,2,8,1,0,4,1,4,103,Infractions à l'exercice d'une profession règlementée 
34,21,11,22,28,161,64,7,11,0,31,27,53,17,8,12,60,5,16,18,14,4,26,12,45,33,14,37,78,46,9,140,168,30,4,27,64,8,29,14,19,3,61,18,14,4,11,27,27,11,13,4,18,8,53,49,5,21,68,14,61,30,10,5,117,40,38,27,4,10,9,38,110,12,36,43,5,35,24,32,311,85,23,13,4,12,9,46,11,47,48,35,83,16,26,17,32,63,104,Infractions au droit de l'urbanisme et de la construction 
2,1,0,4,0,2,1,0,2,0,0,2,14,0,0,2,7,1,0,6,4,0,3,5,1,4,1,4,0,1,0,10,4,1,1,0,7,2,1,2,9,3,2,6,0,0,0,0,2,2,0,1,1,1,1,2,0,3,3,2,5,0,1,0,3,5,4,3,1,2,1,3,2,1,4,0,0,2,1,2,15,2,0,0,1,0,4,3,2,7,0,0,2,0,0,1,2,1,105,Fraudes fiscales 
8,7,3,6,1,16,1,6,5,4,3,2,12,2,1,5,3,5,4,7,17,2,8,7,5,30,11,14,9,7,3,17,14,15,1,5,7,2,9,2,11,3,5,4,4,4,1,8,5,6,1,5,5,1,7,9,2,7,8,6,8,4,16,1,14,5,13,16,3,3,6,5,11,6,5,9,3,8,5,6,19,6,10,6,3,2,173,5,9,8,5,74,28,2,6,2,11,6,106,Autres délits économiques et financiers 
730,630,246,235,113,670,346,289,199,392,337,257,829,447,161,286,580,269,165,386,677,161,416,483,363,704,462,684,687,1166,178,1316,1186,806,186,490,1341,330,386,345,320,279,935,566,231,330,68,491,449,306,213,294,420,208,537,668,230,1054,1244,337,665,451,319,206,547,822,727,881,301,480,551,436,879,671,662,495,349,638,334,289,864,569,689,427,234,344,464,606,529,437,418,661,636,83,329,225,190,203,107,Autres délits 
