,1,2,3,4,5,6,7,8,9,10,11,12,13,14,15,16,17,18,19,21,22,23,24,25,26,27,28,29,30,31,32,33,34,35,36,37,38,39,40,41,42,43,44,45,46,47,48,49,50,51,52,53,54,55,56,57,58,59,60,61,62,63,64,65,66,67,68,69,70,71,72,73,74,75,76,77,78,79,80,81,82,83,84,85,86,87,88,89,90,91,92,93,94,95,971,972,973,974,976,987,988,2A,2B,Année 2019 - services de police,code,new_type
0,0,0,0,0,0,1,0,0,0,0,0,0,11,0,0,0,0,0,0,0,0,0,0,0,1,0,0,0,0,4,0,1,2,1,0,0,1,0,0,0,1,0,2,0,0,0,0,0,0,0,0,0,1,0,1,0,0,1,1,0,0,1,0,0,0,2,1,2,0,2,0,0,0,5,0,1,0,0,0,1,0,3,2,0,0,0,0,0,0,0,3,4,3,0,9,0,0,0,0,0,0,3,0,1,Règlements de compte entre malfaiteurs ,"0     Crimes contre la personne
Name: Règlements de compte entre malfaiteurs, dtype: object"
1,0,0,0,0,0,0,0,0,0,0,0,0,2,0,0,0,0,0,0,0,0,0,0,0,0,0,0,0,0,1,0,0,0,0,0,0,1,0,0,0,0,0,0,1,0,0,0,0,0,0,0,0,0,0,0,0,0,1,0,0,1,0,0,0,0,0,1,0,0,0,0,0,0,1,0,0,0,0,0,0,0,0,0,0,0,0,0,0,0,0,0,0,0,0,9,0,0,1,0,0,0,0,0,2,Homicides pour voler et à l'occasion de vols ,"0     Crimes contre la personne
Name: Homicides pour voler et à l'occasion de vols, dtype: object"
2,0,2,2,0,0,10,0,0,0,1,2,0,33,2,0,3,2,1,1,1,0,0,2,3,5,1,1,2,3,17,0,6,8,4,0,3,11,0,1,0,2,0,3,5,0,1,0,5,4,4,1,0,2,1,2,6,0,23,4,0,14,4,3,0,7,10,4,14,0,0,2,3,6,42,11,6,13,0,5,1,5,8,4,2,8,6,0,1,1,1,19,17,21,6,46,15,12,2,1,0,2,2,0,3,Homicides pour d'autres motifs ,"0     Crimes contre la personne
Name: Homicides pour d'autres motifs, dtype: object"
3,0,0,0,0,1,0,0,0,0,1,0,0,3,0,0,0,2,0,0,0,0,0,0,1,2,0,0,0,0,1,0,2,2,0,0,1,0,0,0,0,0,0,0,0,0,0,0,0,0,0,0,0,1,0,0,0,0,1,3,0,0,0,0,0,0,2,0,1,0,1,0,0,0,10,1,2,9,0,1,0,0,3,0,0,0,0,1,0,0,2,1,3,2,0,12,1,0,0,0,0,0,0,0,4,Tentatives d'homicides pour voler et à l'occasion de vols ,"0     Crimes contre la personne
Name: Tentatives d'homicides pour voler et à l'occasion de vols, dtype: object"
4,0,5,4,1,10,43,0,1,0,5,12,2,120,6,1,3,17,4,1,9,1,0,0,17,10,4,10,11,23,47,0,31,47,33,3,15,39,1,2,1,13,1,31,6,0,1,0,11,3,11,4,0,30,0,10,15,0,90,20,6,42,4,7,2,29,20,28,54,1,3,3,5,8,173,25,22,70,5,11,1,7,27,13,14,24,8,4,1,3,31,61,153,110,71,71,44,29,16,4,2,4,5,1,5,Tentatives homicides pour d'autres motifs ,"0     Crimes contre la personne
Name: Tentatives homicides pour d'autres motifs, dtype: object"
5,0,0,0,0,1,1,0,0,0,1,1,0,13,1,1,0,0,0,1,1,0,0,0,0,2,0,0,1,0,1,0,3,5,2,0,0,1,0,0,0,1,0,1,1,0,2,0,0,0,3,0,0,2,0,3,2,0,10,0,0,3,2,1,0,0,3,1,5,0,1,1,0,0,8,2,1,3,0,1,0,0,2,1,0,3,0,0,0,0,2,5,1,4,2,1,0,0,4,1,0,1,0,0,6,Coups et blessures volontaires suivis de mort ,"0     Crimes contre la personne
Name: Coups et blessures volontaires suivis de mort, dtype: object"
6,373,1118,725,265,226,4725,191,470,169,834,653,290,9851,1321,163,801,1054,555,382,1048,534,106,533,1795,1065,801,676,1523,1387,3572,133,3634,3321,1794,290,1104,2104,261,364,478,1983,148,3056,1618,125,541,70,1184,665,1752,315,418,2254,249,1095,2521,165,12321,1145,326,5824,1052,1369,347,1062,2814,1904,7431,160,790,1038,640,987,12383,3916,4672,4738,350,1411,650,401,3235,1216,514,825,731,373,494,383,4245,6701,11161,6549,4596,1273,1011,721,2130,533,449,1090,258,249,7,Autres coups et blessures volontaires criminels ou correctionnels ,"0     Crimes contre la personne
Name: Autres coups et blessures volontaires criminels ou correctionnels, dtype: object"
7,0,0,0,0,0,1,1,0,0,0,0,0,2,0,0,0,0,0,0,0,0,0,0,0,0,0,0,0,0,4,0,2,1,0,0,0,0,0,0,0,0,0,0,2,0,0,0,0,0,0,0,0,1,0,0,1,0,1,0,0,0,1,1,0,0,0,0,1,0,0,0,0,0,8,1,0,6,0,0,1,0,0,1,0,2,0,0,0,0,2,10,5,1,3,2,0,2,0,1,0,0,0,0,8,Prises d'otages à l'occasion de vols ,"0     Crimes et agressions violentes
Name: Prises d'otages à l'occasion de vols, dtype: object"
8,0,0,1,1,0,1,0,0,0,0,0,0,7,1,0,0,2,0,0,0,1,0,0,4,0,1,0,2,1,3,0,1,0,1,0,1,0,0,0,0,0,0,3,0,0,0,0,0,0,0,0,0,1,0,0,2,0,3,0,1,2,1,0,0,0,2,2,0,0,0,0,0,2,4,8,3,4,0,1,0,0,1,0,0,0,0,0,0,0,4,3,8,9,4,0,1,0,1,0,0,0,0,0,9,Prises d'otages dans un autre but ,"0     Crimes et agressions violentes
Name: Prises d'otages dans un autre but, dtype: object"
9,11,20,9,3,2,68,0,4,1,11,22,2,181,33,0,5,13,5,4,19,8,1,1,23,28,10,12,14,18,62,1,48,56,23,4,13,44,1,5,6,24,1,40,31,3,10,2,21,10,34,5,2,31,0,19,25,0,226,32,8,79,12,15,7,29,47,43,127,0,10,24,10,6,230,81,95,78,5,31,13,2,29,20,10,18,3,6,6,7,107,107,272,137,104,15,8,13,34,1,2,3,2,3,10,Sequestrations ,"0     Crimes et agressions violentes
Name: Sequestrations, dtype: object"
10,19,37,26,11,9,300,10,8,10,58,22,12,647,68,7,32,31,28,12,58,15,4,23,100,32,46,30,59,35,215,5,147,203,107,12,68,163,11,12,26,87,15,199,126,0,20,5,56,19,59,14,25,91,5,46,96,9,440,61,23,185,45,44,11,56,176,97,396,4,41,61,16,54,1579,321,281,366,13,43,20,26,101,46,22,41,46,9,24,17,264,679,818,533,299,51,70,46,88,32,10,28,10,18,11,Menaces ou chantages pour extorsion de fonds ,"0     Crimes et agressions violentes
Name: Menaces ou chantages pour extorsion de fonds, dtype: object"
11,187,426,338,141,69,2103,40,293,100,382,310,164,5062,796,84,436,356,216,213,503,177,44,175,855,530,306,389,534,668,1731,27,1456,1423,697,152,365,1092,134,203,283,1030,71,1169,818,54,328,31,524,243,938,182,145,952,102,409,1295,55,5464,525,314,2274,498,568,139,517,1671,941,2936,60,319,571,224,437,5373,2007,2165,2411,176,605,256,177,1353,603,237,416,278,155,199,134,2036,3324,4931,2823,2291,514,493,225,966,134,61,200,153,121,12,Menaces ou chantages dans un autre but ,"0     Crimes and agressions violentes
Name: Menaces ou chantages dans un autre but, dtype: object"
12,91,178,144,43,28,871,16,86,27,218,106,57,1220,308,49,128,159,97,74,177,91,13,73,265,160,121,154,213,209,669,16,621,456,268,50,174,600,91,86,141,337,21,454,330,18,90,8,228,116,323,54,60,345,48,121,518,51,2026,158,84,933,222,254,64,132,616,340,1119,38,119,258,104,151,3155,561,795,954,51,255,135,85,448,282,87,194,170,63,119,69,731,1262,1464,907,639,148,72,66,152,22,30,66,62,64,13,Atteintes à la dignité et à la  personnalité ,"0     Crimes and agressions violentes
Name: Atteintes à la dignité et à la  personnalité, dtype: object"
13,12,47,32,20,7,340,8,17,15,58,44,16,533,74,9,31,47,16,19,36,13,5,23,68,55,30,23,84,85,267,2,306,187,55,13,48,78,6,16,12,85,7,190,55,4,23,2,52,24,86,10,7,89,3,41,136,18,568,54,17,237,44,77,20,42,150,96,234,5,25,44,37,70,766,242,235,312,7,60,20,34,173,75,34,45,32,20,20,8,303,457,867,392,364,61,62,30,116,5,23,12,21,20,14,Violations de domicile ,"0     Vols et cambriolages
Name: Violations de domicile, dtype: object"
14,0,0,0,0,0,2,0,0,0,0,0,0,4,0,0,0,0,0,0,0,0,0,0,1,1,0,0,0,1,0,1,1,2,0,0,0,0,0,0,0,1,0,0,0,0,0,0,0,0,0,0,0,0,0,1,0,0,5,0,0,1,0,0,0,0,0,0,2,0,0,0,1,1,4,0,0,2,0,0,0,0,0,0,0,0,0,1,0,0,1,1,4,1,1,0,0,1,0,0,0,0,0,0,15,Vols à main armée contre des établissements financiers ,"0     Vols et cambriolages
Name: Vols à main armée contre des établissements financiers, dtype: object"
15,3,5,2,1,0,7,0,2,0,2,2,1,86,2,0,0,2,0,0,16,0,1,1,10,9,2,0,5,3,6,0,8,10,11,0,3,7,1,0,1,4,0,10,1,0,0,0,4,0,1,0,0,2,1,0,4,2,36,11,4,15,7,6,2,1,4,2,54,0,3,1,0,4,47,3,22,13,0,4,1,0,13,4,1,4,2,2,3,4,14,15,27,40,13,66,10,3,3,0,0,0,2,4,16,Vols à main armée contre des éts industriels ou commerciaux ,"0     Vols et cambriolages
Name: Vols à main armée contre des éts industriels ou commerciaux, dtype: object"
16,0,0,0,0,0,1,0,0,0,0,1,0,0,0,0,0,0,0,0,0,0,0,0,1,0,0,0,0,0,0,0,1,1,0,0,0,0,0,0,0,0,0,0,0,0,0,0,0,0,0,0,0,0,0,0,0,0,0,0,0,0,0,0,0,0,0,0,1,0,0,0,0,1,0,0,0,1,0,0,0,0,0,0,0,0,0,0,0,0,0,0,3,0,0,0,0,0,0,0,0,0,0,0,17,Vols à main armée contre des entreprises de transports de fonds ,"0     Vols et cambriolages
Name: Vols à main armée contre des entreprises de transports de fonds, dtype: object"
17,1,1,0,0,0,2,0,0,0,1,1,0,31,0,1,0,0,0,0,5,0,0,1,1,1,1,0,2,1,3,0,4,8,1,2,4,1,0,0,0,1,0,2,5,1,0,0,1,1,2,0,0,1,0,0,5,0,19,2,0,8,0,2,0,2,1,0,13,0,0,3,0,4,15,6,10,9,0,1,2,0,5,0,0,2,2,0,0,0,2,13,25,19,6,16,4,4,2,0,0,0,0,0,18,Vols à main armée contre des particuliers à leur domicile ,"0     Vols et cambriolages
Name: Vols à main armée contre des particuliers à leur domicile, dtype: object"
18,1,5,1,0,0,12,0,1,0,0,1,0,104,4,0,1,2,2,1,6,1,0,0,3,7,2,3,3,6,12,1,11,14,4,0,2,14,0,1,2,4,0,18,7,1,1,0,5,1,6,1,1,4,0,3,6,0,43,9,0,10,6,2,1,1,4,6,27,0,1,5,2,2,74,12,23,12,0,1,2,1,11,5,1,2,1,0,4,3,18,28,86,42,28,164,85,119,3,1,0,0,4,0,19,Autres vols à main armée ,"0     Vols et cambriolages
Name: Autres vols à main armée, dtype: object"
19,1,4,0,1,0,6,0,0,0,1,0,0,21,8,1,2,2,4,0,1,0,1,2,3,3,3,4,4,0,9,0,12,5,5,0,3,6,0,0,0,5,0,8,4,0,0,0,5,2,5,1,0,3,1,2,5,1,31,4,0,4,0,1,1,0,2,5,31,0,1,2,1,3,52,7,8,18,0,3,3,2,4,1,3,2,1,1,5,0,11,13,44,21,7,1,2,10,3,5,0,2,0,0,20,"Vols avec armes blanches contre des établissements financiers,commerciaux ou industriels ","0     Vols et cambriolages
Name: Vols avec armes blanches contre des établissements financiers,commerciaux ou industriels, dtype: object"
20,1,5,3,0,0,12,1,1,0,3,0,0,30,3,2,0,2,2,1,5,1,0,1,1,1,0,6,3,4,10,0,9,14,4,0,5,5,2,0,0,3,0,9,5,1,2,0,4,1,6,0,0,0,0,1,3,1,40,2,0,15,5,1,0,5,5,2,12,0,1,3,0,4,31,13,9,6,3,1,2,1,4,1,0,3,2,0,1,1,8,13,27,12,8,8,2,4,0,9,1,0,0,0,21,Vols avec armes blanches contre des particuliers à leur domicile ,"0     Vols et cambriolages
Name: Vols avec armes blanches contre des particuliers à leur domicile, dtype: object"
21,8,7,8,1,1,55,0,3,0,12,3,2,396,12,1,7,5,4,2,17,8,0,6,27,17,9,12,13,22,85,0,66,85,29,0,22,72,0,3,9,25,1,117,23,0,7,0,17,4,25,0,1,21,6,9,16,3,199,21,4,36,23,13,5,15,37,10,154,0,4,40,7,5,486,59,73,71,3,17,3,2,33,24,3,14,10,2,0,2,65,123,315,154,171,85,45,190,14,41,1,4,1,1,22,Autres vols avec armes blanches ,"0     Vols et cambriolages
Name: Autres vols avec armes blanches, dtype: object"
22,0,4,1,0,0,9,1,3,1,0,2,2,14,4,0,4,3,0,0,3,3,0,1,10,6,1,6,4,1,4,0,10,7,6,1,2,4,2,0,4,14,2,15,12,1,1,0,6,3,3,0,0,5,1,11,5,2,34,5,3,17,4,3,2,0,19,3,31,0,4,4,2,2,93,14,10,11,0,4,2,3,8,4,0,8,2,0,1,5,7,28,40,28,8,1,0,3,2,2,1,7,1,0,23,"Vols violents sans arme contre des établissements financiers,commerciaux ou industriels ","0     Vols et cambriolages
Name: Vols violents sans arme contre des établissements financiers,commerciaux ou industriels, dtype: object"
23,1,6,2,2,0,28,1,6,3,3,8,0,57,6,2,5,3,1,3,5,0,1,1,5,1,7,6,10,6,15,2,33,12,4,2,13,13,2,2,2,23,3,25,13,2,2,0,3,2,3,3,4,18,1,9,10,2,75,2,0,43,9,6,3,10,13,11,33,1,3,13,3,7,140,24,34,13,3,9,7,3,24,5,1,2,6,1,5,5,24,36,62,31,22,5,8,4,8,4,1,15,0,0,24,Vols violents sans arme contre des particuliers à leur domicile ,"0     Vols et cambriolages
Name: Vols violents sans arme contre des particuliers à leur domicile, dtype: object"
24,24,63,33,19,12,538,8,26,5,48,43,8,1912,92,10,40,76,20,14,46,26,2,27,89,87,77,35,92,188,669,8,547,600,132,11,145,468,11,24,17,250,12,360,138,7,24,0,82,26,223,11,25,95,10,53,109,10,1317,112,11,247,113,98,23,215,146,87,1187,7,29,134,30,66,6998,484,650,743,23,132,44,30,262,78,15,38,34,23,25,15,539,1711,3541,1522,1111,173,91,216,91,100,12,53,14,16,25,Vols violents sans arme contre des femmes sur voie publique ou autre lieu public ,"0     Vols et cambriolages
Name: Vols violents sans arme contre des femmes sur voie publique ou autre lieu public, dtype: object"
25,39,80,46,23,16,798,24,49,9,92,44,22,2133,153,5,88,122,67,13,106,73,2,46,144,121,104,67,218,188,727,10,1128,837,446,18,245,537,19,44,64,322,16,924,270,15,56,2,227,39,291,6,56,130,20,74,249,14,2086,184,20,464,203,108,51,143,304,164,1451,9,70,318,52,95,7714,856,879,957,39,204,57,27,344,143,33,108,68,30,37,33,965,1934,4562,1680,1461,242,148,274,328,157,48,66,25,16,26,Vols violents sans arme contre d'autres victimes ,"0     Vols et cambriolages
Name: Vols violents sans arme contre d'autres victimes, dtype: object"
26,291,645,519,175,122,3418,142,202,91,430,519,173,9312,704,67,465,758,419,121,620,294,31,329,503,761,266,330,424,1112,4110,69,4071,2789,735,136,617,1820,160,249,176,1496,100,3402,1064,110,235,12,687,152,921,164,156,1023,121,486,1396,181,8457,469,124,2948,1202,1020,378,496,893,686,6475,59,713,537,323,683,11898,2384,3561,3460,269,687,739,266,2796,993,354,342,437,286,256,195,3266,5321,6950,5402,3703,473,569,342,770,215,144,608,44,38,27,Cambriolages de locaux d'habitations principales ,"0     Vols et cambriolages
Name: Cambriolages de locaux d'habitations principales, dtype: object"
27,12,24,26,13,10,567,8,7,18,24,30,18,449,76,5,12,77,25,12,18,8,3,20,44,24,15,16,32,49,160,2,201,177,39,6,21,27,10,13,15,25,4,164,73,12,11,3,11,9,23,7,2,28,3,16,25,22,235,18,8,126,33,122,15,75,26,16,173,0,12,16,17,64,644,70,150,139,7,21,26,29,362,61,21,20,27,15,16,16,124,141,196,141,69,32,9,6,16,3,10,20,7,6,28,Cambriolages de résidences secondaires ,"0     Vols et cambriolages
Name: Cambriolages de résidences secondaires, dtype: object"
28,113,179,124,25,36,448,38,106,45,118,123,60,1612,155,34,102,308,119,48,249,83,38,109,283,197,146,111,231,290,766,40,1636,588,384,23,238,332,53,62,69,689,64,1407,226,34,107,6,345,57,250,63,84,248,49,140,338,60,1860,156,49,733,465,356,103,306,269,115,1932,23,149,212,88,237,3210,664,772,513,57,238,127,131,361,141,78,212,138,101,50,87,446,938,788,629,434,311,162,160,267,106,125,357,31,25,29,"Camb.de  locaux industriels, commerciaux ou financiers ","0     Vols et cambriolages
Name: Camb.de  locaux industriels, commerciaux ou financiers, dtype: object"
29,93,290,163,50,37,1113,60,81,50,119,71,40,3178,353,32,101,245,208,49,399,125,16,68,390,213,152,90,173,318,913,9,587,1031,477,25,264,1315,66,84,84,766,54,1037,330,11,118,4,352,91,340,36,23,364,49,213,473,119,2710,200,82,1206,420,316,73,132,447,457,3730,4,221,288,128,361,2115,1153,864,903,90,298,123,76,740,268,111,134,167,184,92,137,685,1073,1390,1004,672,85,104,103,102,52,28,198,40,2,30,Cambriolages d'autres lieux ,"0     Vols et cambriolages
Name: Cambriolages d'autres lieux, dtype: object"
30,8,50,31,3,8,124,2,13,12,28,24,6,251,46,6,15,57,15,9,31,15,1,22,16,19,17,15,37,31,103,4,108,89,77,7,33,53,14,13,15,72,1,122,32,4,3,0,69,22,56,13,16,49,7,23,86,10,341,11,11,142,29,82,12,25,28,52,225,0,39,42,15,12,465,106,144,222,17,60,37,31,61,34,9,18,15,20,21,7,237,352,375,383,150,8,19,20,11,9,8,5,6,1,31,Vols avec entrée par ruse en tous lieux ,"0     Vols et cambriolages
Name: Vols avec entrée par ruse en tous lieux, dtype: object"
31,108,202,112,60,41,3609,50,115,31,174,389,60,5883,652,22,142,392,120,106,364,227,17,157,399,198,185,164,472,165,4598,43,4237,2970,1427,84,862,2516,67,112,153,1061,53,3650,525,32,189,17,648,106,574,38,122,772,21,301,821,33,6363,485,84,1080,420,1027,448,243,952,322,4145,12,135,391,250,144,34423,1761,3037,2810,26,410,146,109,974,566,54,285,222,56,160,46,2408,8340,12399,4855,4044,87,66,129,145,64,17,60,93,33,32,Vols à la tire ,"0     Vols et cambriolages
Name: Vols à la tire, dtype: object"
32,140,289,260,44,48,910,181,151,33,393,253,88,1521,421,58,181,303,186,95,162,217,16,165,398,313,237,169,440,364,541,49,1470,539,295,60,362,363,92,141,134,658,136,1067,221,33,132,26,479,194,347,129,68,935,101,190,639,71,1468,368,116,869,347,418,188,201,957,267,2295,55,284,148,225,365,3777,705,1781,1953,107,296,121,119,552,235,157,454,246,136,141,144,1060,1427,2614,1814,1004,47,127,47,148,36,50,290,27,19,33,Vols à l'étalage ,"0     Vols et cambriolages
Name: Vols à l'étalage, dtype: object"
33,0,0,0,1,0,3,0,0,0,0,1,0,6,0,0,0,0,0,0,0,0,0,0,1,1,0,0,0,0,2,0,1,3,0,0,0,1,0,0,0,1,0,1,2,0,0,0,0,0,1,0,0,0,0,0,0,0,9,1,0,3,1,0,0,0,1,1,6,0,0,0,1,0,2,3,8,2,0,0,2,0,1,0,0,0,2,0,0,0,2,1,16,10,3,0,0,0,0,0,0,0,0,0,34,Vols de véhicules de transport avec frêt ,"0     Vols et cambriolages
Name: Vols de véhicules de transport avec frêt, dtype: object"
34,89,307,129,64,67,936,103,81,31,78,217,35,5168,278,20,137,241,120,51,170,74,10,81,237,438,270,129,187,616,868,21,1043,1063,298,60,225,819,36,64,101,983,39,1077,303,39,88,7,250,83,462,55,40,402,56,147,532,34,5237,453,50,1283,374,293,89,396,214,177,2670,21,194,195,131,211,2224,1103,2266,1820,92,307,123,81,732,538,78,174,124,105,112,43,2057,2254,4500,2618,3125,177,139,66,239,31,30,330,69,64,35,Vols d'automobiles ,"0     Vols et cambriolages
Name: Vols d'automobiles, dtype: object"
35,26,111,106,34,15,1548,37,48,13,93,88,58,3645,196,11,86,250,64,39,137,81,8,96,96,218,86,63,186,277,973,33,1191,671,289,26,270,331,27,66,93,223,29,1396,126,16,57,1,321,66,173,26,37,144,31,130,137,46,899,94,21,396,193,550,41,129,269,152,1288,11,141,253,64,231,6364,538,397,747,102,120,110,47,904,223,81,115,93,45,59,21,584,2659,1886,1855,627,94,125,411,258,162,212,65,116,64,36,Vols de véhicules motorisés à 2 roues ,"0     Vols et cambriolages
Name: Vols de véhicules motorisés à 2 roues, dtype: object"
36,195,992,359,295,116,3149,196,192,134,391,751,128,11687,1037,62,652,865,310,317,782,369,64,359,721,1171,537,403,1223,1261,7090,119,7126,3381,1527,204,1279,4041,182,336,373,1757,85,6877,1045,71,266,63,1204,262,1132,89,277,1016,113,520,1817,172,13440,627,135,3669,2024,1548,273,1039,1508,804,9799,60,414,1432,498,684,13408,5045,4180,3758,327,710,533,263,2072,977,377,726,751,499,260,159,3515,7181,10763,6209,5025,1313,1020,504,729,223,369,748,53,74,37,Vols à la roulotte ,"0     Vols et cambriolages
Name: Vols à la roulotte, dtype: object"
37,83,289,119,50,46,855,49,67,42,97,109,41,4391,272,32,130,283,139,65,168,147,30,114,196,299,245,125,248,539,1266,25,1121,779,366,82,440,804,53,70,125,757,21,1545,421,37,64,4,521,100,358,47,89,401,43,264,538,50,3718,404,101,1017,357,358,115,331,365,108,2503,26,180,178,121,137,1893,1382,1845,1578,115,235,143,59,561,346,118,324,200,91,82,34,1472,1851,3506,2126,2251,240,151,13,210,44,18,46,67,95,38,Vols d''accessoires sur véhicules à moteur immatriculés ,"0     Vols et cambriolages
Name: Vols d''accessoires sur véhicules à moteur immatriculés, dtype: object"
38,9,35,16,9,5,119,3,4,9,13,42,12,448,46,7,30,42,19,12,23,15,1,21,24,41,23,15,33,41,115,3,254,114,72,12,14,40,9,18,3,57,4,257,43,3,20,1,42,26,43,9,5,95,7,24,83,12,494,50,13,289,45,68,20,9,102,18,241,5,29,27,22,33,282,199,330,173,14,56,8,10,100,47,21,35,40,23,5,8,167,297,427,234,201,21,19,15,26,9,3,19,8,6,39,Vols simples sur chantier ,"0     Vols et cambriolages
Name: Vols simples sur chantier, dtype: object"
39,2,4,1,4,1,2,0,0,1,0,0,2,25,3,1,0,4,3,2,0,0,0,0,0,6,2,1,1,1,1,1,5,3,1,1,0,0,1,2,2,5,0,1,2,0,5,0,4,1,6,0,0,2,1,2,1,0,16,0,0,12,4,2,0,0,40,1,6,2,4,1,0,1,2,8,5,9,3,1,0,3,3,5,2,2,0,1,0,0,0,2,2,1,1,9,2,0,14,3,0,0,0,0,40,Vols simples sur exploitations agricoles ,"0     Vols et cambriolages
Name: Vols simples sur exploitations agricoles, dtype: object"
40,81,216,146,45,103,678,64,100,42,175,190,71,1231,307,37,155,296,143,135,318,126,37,109,333,250,157,162,335,300,730,26,1200,406,310,125,313,315,55,109,120,523,64,601,323,35,95,13,353,117,317,73,85,525,89,146,403,50,1941,277,79,919,369,314,200,106,561,291,1286,30,206,329,127,156,4341,693,1050,827,92,204,129,120,492,240,92,236,197,98,97,52,539,1438,1028,846,606,67,93,66,170,63,63,129,21,18,41,Autres vols simples contre des établissements publics ou privés ,"0     Vols et cambriolages
Name: Autres vols simples contre des établissements publics ou privés, dtype: object"
41,346,583,471,172,188,3023,166,313,132,512,397,219,4975,1212,109,427,930,336,261,843,324,47,374,892,673,439,451,1030,1164,2919,92,3185,3058,1225,167,717,1690,224,420,277,1352,160,2960,922,79,341,28,928,457,954,173,202,1159,254,668,1506,177,6338,615,241,2474,1026,955,408,347,1868,868,5301,75,578,661,421,839,11134,3242,2429,3098,401,764,432,261,2079,920,299,558,283,331,269,216,2607,5609,5090,3679,2697,387,425,480,555,207,211,614,135,117,42,Autres vols simples contre des particuliers dans  deslocaux privés ,"0     Vols et cambriolages
Name: Autres vols simples contre des particuliers dans  deslocaux privés, dtype: object"
42,336,814,758,249,268,6779,202,317,148,687,531,252,10875,1072,155,643,1388,420,316,1131,525,55,390,980,1338,489,471,1562,1986,5708,157,7173,4867,2390,247,1862,3098,171,500,457,1825,154,4322,1343,145,416,37,1508,404,1526,201,346,2220,235,829,1747,187,8994,745,261,2855,1274,1667,488,794,3987,1937,17363,193,754,1088,592,1678,76703,3330,4690,6938,375,1389,702,347,3558,1205,514,998,929,394,320,328,4412,16977,11092,12611,5285,592,415,394,928,223,316,485,172,197,43,Autres vols simples contre des particuliers dans des locaux ou lieux publics ,"0     Vols et cambriolages
Name: Autres vols simples contre des particuliers dans des locaux ou lieux publics, dtype: object"
43,106,74,68,15,14,519,34,39,24,45,65,20,1513,119,13,66,124,36,40,121,53,13,32,116,156,60,69,157,145,517,10,851,570,200,109,138,260,25,103,72,258,25,578,230,15,69,15,193,58,251,30,45,196,29,103,196,8,1261,108,122,431,183,165,40,152,445,166,1620,16,70,132,83,137,4799,393,529,802,18,160,49,24,225,132,34,75,66,44,43,21,787,948,2483,1301,923,100,61,118,126,92,70,213,30,15,44,Recels ,"0     Vols et cambriolages
Name: Recels, dtype: object"
44,1,0,1,0,1,12,0,0,0,0,1,0,26,0,0,0,1,1,1,7,0,0,1,0,1,0,0,0,4,6,0,17,5,1,0,3,2,0,0,0,0,0,2,4,0,0,0,1,1,3,0,0,1,0,0,1,0,37,0,1,1,0,2,0,1,7,4,19,1,1,0,0,3,65,15,11,24,0,0,0,0,1,1,0,4,1,2,0,0,3,11,15,23,7,2,1,1,2,0,0,0,1,0,45,Proxénétisme ,"0     Crimes sexuels
Name: Proxénétisme, dtype: object"
45,21,34,18,13,6,131,10,11,8,33,21,7,346,58,6,34,40,23,12,45,17,2,21,57,53,29,28,83,33,204,3,216,125,94,10,65,83,10,19,27,67,7,162,87,1,21,0,59,42,62,12,25,94,8,58,70,9,399,32,23,159,64,58,11,41,66,75,238,9,39,48,30,18,844,156,163,222,14,49,22,23,86,55,30,39,25,17,12,11,160,290,456,261,169,20,38,23,60,18,5,18,8,7,46,Viols sur des majeur(e)s ,"0     Crimes sexuels
Name: Viols sur des majeur(e)s, dtype: object"
46,19,52,20,6,9,85,5,10,5,24,25,16,222,81,6,22,49,17,18,35,22,4,18,25,43,29,20,42,37,113,3,108,61,39,5,30,51,6,11,23,49,8,97,75,3,15,3,82,35,39,11,8,67,7,43,63,6,500,40,20,231,42,27,6,17,72,48,143,3,23,39,19,13,240,177,150,175,11,55,27,10,67,32,13,40,30,23,16,11,127,171,279,176,143,27,31,41,105,34,3,16,12,5,47,Viols sur des mineur(e)s ,"0     Crimes sexuels
Name: Viols sur des mineur(e)s, dtype: object"
47,28,31,29,9,11,154,8,12,2,43,23,15,379,63,8,31,46,26,26,75,35,4,31,64,38,40,43,77,59,217,5,241,158,105,16,63,106,17,26,31,59,16,224,92,6,29,3,94,47,88,11,20,85,13,47,76,11,487,48,24,215,67,68,14,31,138,57,463,6,32,59,31,36,1368,160,216,256,20,75,32,27,91,30,17,42,40,21,20,25,190,377,485,343,226,16,32,14,83,22,7,32,13,9,48,Harcèlements sexuels et autres agressions sexuelles contre des majeur(e)s ,"0     Crimes sexuels
Name: Harcèlements sexuels et autres agressions sexuelles contre des majeur(e)s, dtype: object"
48,19,66,31,7,17,173,4,28,17,43,45,22,338,82,14,36,92,44,16,63,34,4,29,40,54,53,47,55,54,132,22,152,95,85,15,63,89,20,17,27,100,10,145,123,14,27,3,130,76,78,21,21,98,30,59,119,4,789,46,32,499,64,59,10,29,107,87,301,14,33,77,31,23,454,302,286,327,19,74,44,15,136,51,23,48,33,27,33,23,201,368,431,359,217,32,38,54,144,18,14,42,16,10,49,Harcèlements sexuels et autres agressions sexuelles contre des mineur(e)s ,"0     Crimes sexuels
Name: Harcèlements sexuels et autres agressions sexuelles contre des mineur(e)s, dtype: object"
49,24,68,35,19,6,173,9,23,16,31,31,12,325,88,4,37,63,26,30,43,19,10,19,54,47,35,32,77,61,158,10,141,110,103,8,50,77,14,15,31,80,13,150,101,7,30,3,80,40,64,18,15,115,13,53,135,10,664,38,19,307,62,66,17,39,112,72,261,11,32,50,26,22,581,197,239,254,12,91,32,21,119,36,24,47,37,27,19,13,169,749,334,232,191,29,41,29,113,14,5,17,24,14,50,Atteintes sexuelles ,"0     Crimes sexuels
Name: Atteintes sexuelles, dtype: object"
50,0,0,0,0,0,0,0,0,0,0,0,0,0,0,0,0,1,0,0,0,0,0,0,4,0,0,0,0,1,0,0,2,0,0,0,0,1,0,0,0,1,0,0,0,0,0,0,0,1,0,0,0,0,0,0,0,0,1,0,0,2,0,0,0,0,0,0,2,0,0,0,0,0,3,4,0,0,0,0,0,0,1,2,0,0,0,0,0,0,1,0,1,1,0,2,1,0,3,0,0,0,0,0,51,Homicides commis contre enfants de moins de 15 ans ,"0     Crimes sexuels
Name: Homicides commis contre enfants de moins de 15 ans, dtype: object"
51,104,295,129,41,47,599,27,108,36,180,142,64,1450,274,26,132,186,97,63,164,82,14,67,318,199,150,186,257,222,572,33,461,525,262,48,241,363,64,74,129,326,27,547,430,15,114,20,338,123,368,62,82,485,41,217,445,33,2760,267,106,1962,161,181,62,198,546,359,1255,27,145,403,95,117,1553,768,1252,1289,55,312,130,90,494,206,98,195,148,93,127,114,1042,1306,2099,1261,1072,146,148,182,443,114,48,149,38,44,52,"Violences, mauvais traitements et abandons d'enfants. ","0     Crimes sexuels
Name: Violences, mauvais traitements et abandons d'enfants., dtype: object"
52,18,68,47,19,18,240,8,36,10,88,48,21,390,60,10,43,94,33,27,109,25,7,20,46,71,30,48,115,122,240,6,325,160,74,4,73,217,8,16,24,102,14,154,117,18,43,2,104,49,132,25,66,168,25,47,142,4,580,39,35,372,109,82,34,43,150,123,462,19,72,85,56,33,349,238,310,371,14,25,53,41,246,110,27,34,60,27,9,33,182,406,240,236,348,16,18,2,88,2,7,26,20,17,53,Délits au sujet de la garde des mineurs ,"0     Crimes sexuels
Name: Délits au sujet de la garde des mineurs, dtype: object"
53,12,26,13,10,6,159,10,13,2,31,8,6,226,25,6,8,19,15,10,26,16,0,14,16,23,19,20,30,51,47,1,88,53,13,1,23,69,3,7,14,39,6,45,42,5,20,0,24,16,47,6,3,80,6,9,90,3,204,17,7,134,28,42,4,22,61,54,218,7,29,26,27,21,133,104,156,156,5,5,7,8,140,70,11,12,15,8,5,11,93,180,111,94,179,12,5,7,25,3,10,44,12,11,54,Non versement de pension alimentaire ,"0     Crimes sexuels
Name: Non versement de pension alimentaire, dtype: object"
54,7,8,19,4,1,213,2,7,4,8,3,12,986,32,8,47,23,6,8,52,17,1,5,79,23,12,57,29,63,244,4,83,52,150,5,52,67,4,4,7,54,0,99,50,0,4,3,26,12,53,3,7,68,3,41,96,2,575,49,8,81,28,66,6,119,70,55,350,3,14,7,15,55,1332,115,196,298,11,43,5,7,191,130,6,34,44,9,5,16,437,1081,1559,683,360,29,393,14,27,6,18,10,5,1,55,Trafic et revente sans usage de stupéfiants ,"0     Crimes liés aux stupéfiants
Name: Trafic et revente sans usage de stupéfiants, dtype: object"
55,29,52,83,75,9,269,19,15,23,55,28,22,505,130,12,144,116,32,42,121,107,25,36,199,60,43,79,133,103,857,3,264,241,248,25,117,157,18,23,46,104,5,330,67,4,19,9,202,209,92,15,23,202,36,205,160,3,704,87,30,382,97,98,55,127,309,112,487,10,79,68,85,137,2277,279,466,367,22,64,61,16,490,325,47,143,65,23,22,14,512,515,2335,875,416,67,42,23,61,8,68,183,14,7,56,Usage-revente de stupéfiants ,"0     Crimes liés aux stupéfiants
Name: Usage-revente de stupéfiants, dtype: object"
56,530,811,341,129,91,2198,255,350,106,340,299,290,3834,729,67,496,764,242,406,462,331,13,305,708,693,580,459,766,559,1542,77,1678,1448,801,185,550,1039,232,224,491,1335,178,1433,682,45,248,36,742,443,1237,311,148,1454,335,506,1164,101,7639,1016,230,2958,596,796,226,223,1141,632,5283,87,528,382,560,692,8308,2040,4387,5390,205,1012,301,238,3252,845,259,632,301,334,389,242,3519,3750,8678,4305,3902,294,318,111,400,70,520,804,179,127,57,Usage de stupéfiants ,"0     Crimes liés aux stupéfiants
Name: Usage de stupéfiants, dtype: object"
57,0,3,2,1,0,13,3,2,1,2,2,3,19,1,0,3,1,2,1,4,2,0,0,3,0,0,2,5,5,14,0,21,9,5,2,2,9,2,1,3,0,0,5,8,0,1,0,11,3,5,2,0,12,0,2,5,0,24,4,1,8,2,9,1,14,5,5,27,1,2,1,0,14,44,16,12,28,1,1,0,1,11,1,3,8,1,1,0,0,5,23,44,16,21,4,28,2,13,0,1,2,0,2,58,Autres infractions à la législation sur les stupéfiants ,"0     Crimes liés aux stupéfiants
Name: Autres infractions à la législation sur les stupéfiants, dtype: object"
58,1,4,1,0,0,49,1,1,0,5,7,3,568,4,1,2,0,0,0,1,2,0,0,2,8,0,7,1,15,100,2,8,46,4,0,1,13,2,0,3,10,1,4,1,0,0,0,6,3,1,0,0,12,0,0,10,0,55,3,0,6,3,2,1,11,5,4,44,0,1,0,1,17,76,10,10,8,3,0,1,2,33,0,0,2,0,1,0,3,12,29,76,32,80,9,0,3,22,25,1,5,4,1,59,Délits de débits de boissons et infraction à la règlementation sur l'alcool  et le tabac ,"0     Crimes économiques et financiers
Name: Délits de débits de boissons et infraction à la règlementation sur l'alcool  et le tabac, dtype: object"
59,0,0,0,0,2,3,0,0,0,1,4,0,2,0,0,1,0,0,0,0,0,0,0,0,1,0,1,1,0,0,0,1,0,0,2,0,1,1,0,0,1,0,2,1,0,0,0,1,0,1,0,0,0,0,0,1,0,7,0,0,2,2,1,0,1,3,1,3,0,0,0,0,0,3,2,3,2,0,0,0,0,1,1,0,0,0,0,2,0,2,0,1,0,0,0,0,0,3,2,0,0,0,0,60,Fraudes alimentaires et infractions à l'hygiène ,"0     Crimes économiques and financiers
Name: Fraudes alimentaires et infractions à l'hygiène, dtype: object"
60,0,1,1,0,0,0,1,1,0,1,3,0,22,2,0,1,1,0,0,0,0,0,0,2,0,0,0,0,2,5,0,7,3,2,1,3,1,0,0,0,0,0,1,5,0,0,0,1,0,3,0,0,2,0,0,2,0,10,1,0,1,3,0,2,43,6,0,9,0,0,2,1,6,50,2,7,2,0,1,0,0,4,0,2,7,3,0,0,1,1,3,22,2,10,0,1,0,1,2,0,1,1,1,61,Autres délits contre santé publique et la réglementation des professions médicales ,"0     Crimes économiques and financiers
Name: Autres délits contre santé publique et la réglementation des professions médicales, dtype: object"
61,77,28,27,26,7,33,10,17,6,14,57,30,142,48,0,6,22,36,15,79,15,4,15,82,43,25,30,48,34,52,3,40,72,49,9,42,86,4,14,23,77,10,94,75,0,8,0,47,20,21,19,8,179,9,58,55,6,156,23,53,137,29,35,3,15,158,97,192,3,48,22,21,22,101,164,84,105,8,99,46,6,57,20,12,36,22,27,22,7,89,143,116,78,49,8,1,1,24,4,0,13,18,10,62,Incendies volontaires de biens publics ,Autres
62,113,228,171,25,10,295,19,110,10,55,120,23,763,197,20,49,76,95,46,364,42,17,36,305,208,121,99,275,248,636,16,309,322,174,31,219,887,17,20,67,817,18,494,191,8,52,0,248,65,320,21,14,376,58,90,385,44,1751,366,42,1036,252,114,45,35,995,328,1186,25,157,123,105,59,526,723,727,617,27,253,116,30,284,188,55,62,111,55,76,50,391,557,1135,710,479,44,22,19,189,16,6,93,63,91,63,Incendies volontaires de biens privés ,Autres
63,0,1,0,0,1,0,0,0,0,0,1,0,3,0,0,0,0,0,0,0,0,0,0,0,1,0,0,0,1,0,0,0,2,2,0,0,0,0,1,0,1,0,1,0,0,0,0,1,0,0,0,0,0,0,2,0,0,3,1,0,1,1,0,0,0,3,1,0,0,0,0,1,0,3,0,0,3,0,0,0,0,0,2,0,0,0,0,1,1,0,2,2,2,0,0,0,0,0,0,0,1,0,0,64,Attentats à l'explosif contre des biens publics ,Autres
64,0,0,0,0,0,9,0,0,0,0,0,0,4,2,0,0,1,0,0,1,0,0,0,0,1,1,0,0,2,0,0,3,12,1,0,1,0,0,0,0,0,0,2,0,0,1,0,0,1,0,0,0,2,0,3,0,1,11,0,0,0,1,0,0,0,3,0,0,0,0,0,0,2,16,3,2,2,0,0,0,0,1,1,0,0,0,1,2,0,3,1,14,9,2,1,0,0,0,0,1,0,0,0,65,Attentats à l'explosif contre des biens privés ,Autres
65,73,112,101,41,53,286,45,69,28,83,100,36,595,191,22,96,243,133,51,222,57,10,90,228,203,79,319,281,205,462,10,866,318,211,52,100,274,39,139,72,392,45,425,170,23,42,13,145,96,132,23,64,271,48,156,278,71,1101,95,59,467,203,194,65,112,441,316,810,17,133,158,107,72,952,531,500,519,52,120,179,33,225,162,54,237,148,68,73,22,343,479,855,589,346,43,44,36,95,29,11,186,29,17,66,Autres destructions er dégradations de biens publics ,Autres
66,301,429,320,148,64,1826,71,201,98,145,268,107,3171,857,89,430,706,331,136,731,305,26,326,489,639,211,299,948,691,2433,29,3603,2301,1286,120,481,1654,79,277,270,1989,123,1931,516,50,199,18,685,336,1407,52,71,1178,80,624,1631,195,6172,458,220,2188,1121,589,251,231,1491,855,3155,59,285,452,323,249,11924,2895,2186,2219,177,523,355,229,942,635,194,363,222,218,252,56,1622,4040,5308,3098,1620,289,246,153,449,68,40,385,126,86,67,Autres destructions er dégradations de biens privés ,Autres
67,164,617,260,90,37,1025,53,192,48,150,211,84,3663,774,39,278,797,152,107,446,235,14,417,433,275,101,229,1037,558,986,11,1309,1158,658,84,717,1055,55,162,212,746,42,1484,300,60,160,15,784,204,986,27,74,817,81,301,1809,91,3769,311,140,1831,594,560,287,356,1015,397,1982,22,249,214,221,197,2851,2172,1576,2102,79,322,191,232,775,405,185,359,189,128,234,130,966,2512,3329,1754,808,281,160,245,621,147,47,399,361,173,68,Destructions et dégradations de véhicules privés ,Autres
68,5,14,3,0,6,551,0,5,0,0,11,0,202,2,3,4,6,1,3,5,2,0,0,9,9,3,1,6,4,24,0,16,19,7,0,0,21,1,5,0,3,2,77,4,2,47,0,3,10,12,0,2,5,4,2,11,3,25,5,10,49,17,14,2,33,32,2,101,0,2,15,6,6,48,70,65,37,1,25,4,4,26,23,0,0,0,2,7,0,399,114,170,113,453,46,4,282,1,154,27,51,0,0,69,Infractions aux conditions générales d'entrée et de séjour des étrangers ,Autres
69,89,2,0,0,36,193,0,0,0,3,28,1,96,45,0,0,1,0,1,17,1,2,0,45,1,2,4,0,57,95,0,59,66,34,0,7,24,0,0,0,1,0,34,47,0,0,0,3,30,15,1,0,92,0,0,73,1,263,45,3,851,13,63,1,88,52,21,57,0,4,9,130,17,90,122,126,55,0,4,0,0,17,67,0,3,31,1,1,0,43,8,35,33,282,101,70,205,12,240,13,5,33,32,70,"Aide à l'entrée, à la circulation et au séjour des étrangers ",Autres
70,7,12,4,3,3,206,0,3,0,2,9,0,401,5,0,9,8,2,1,5,3,3,1,14,14,4,2,46,14,74,0,90,57,62,1,2,13,5,2,4,2,5,88,11,0,1,1,12,7,16,1,13,3,8,0,20,2,43,38,0,285,29,34,3,65,58,5,70,2,9,60,21,6,117,34,80,30,0,12,3,1,29,21,0,7,20,13,7,1,82,138,109,127,909,23,3,39,0,2,0,1,3,5,71,Autres infractions à la police des étrangers ,Autres
71,109,132,101,25,23,645,30,115,38,103,80,51,924,195,18,104,126,56,68,154,83,16,42,179,129,115,105,190,205,390,8,355,378,242,54,113,307,39,53,87,322,38,370,169,13,84,12,143,94,225,85,38,324,46,143,313,32,1202,162,93,589,178,150,55,178,387,241,789,22,110,165,129,124,1974,416,590,659,37,146,79,49,431,155,67,131,65,81,83,96,586,703,1361,843,540,55,65,42,98,33,29,78,24,15,72,Outrages à dépositaires autorité ,Autres
72,122,127,86,21,33,740,19,112,30,89,75,45,1395,207,14,105,171,72,68,208,70,12,46,227,149,140,142,188,264,636,21,590,530,268,37,178,329,33,55,78,306,31,525,249,11,68,10,171,97,232,67,40,357,57,185,306,40,1476,210,70,672,183,173,64,216,444,295,1189,31,106,182,129,157,3450,514,797,908,50,193,96,50,490,231,71,134,95,87,87,85,916,985,2455,1135,924,112,102,83,157,110,33,127,32,21,73,Violences à dépositaires autorité ,Autres
73,78,244,95,58,35,609,55,101,33,90,85,100,1864,230,25,94,160,95,54,209,51,8,79,282,164,101,98,198,224,563,21,339,497,236,31,131,509,73,40,108,219,43,572,153,13,30,15,214,70,321,88,37,387,60,130,253,30,1109,138,79,473,173,156,82,108,352,245,1286,30,113,148,96,202,3480,506,713,764,38,214,50,40,626,256,65,165,77,99,105,92,666,587,1442,826,784,207,263,129,191,83,4,105,71,29,74,Port ou détention armes prohibées ,Autres
74,2,8,0,0,2,16,0,0,0,2,2,0,8,0,0,0,0,1,2,1,3,0,2,3,2,7,0,2,1,4,1,6,3,1,0,0,3,0,1,3,3,1,6,4,0,0,0,5,0,3,0,0,7,0,2,7,1,12,3,1,7,2,2,1,1,12,2,7,0,2,1,2,2,27,4,10,7,0,1,0,0,2,3,1,2,0,0,0,5,6,14,16,13,5,0,0,3,1,0,1,1,2,1,75,Atteintes aux intérêts fondamentaux de la Nation ,Autres
75,0,0,0,0,0,3,0,0,0,0,0,0,4,0,0,0,0,0,0,2,0,0,0,0,0,0,0,0,1,1,0,0,1,0,0,0,0,0,0,0,0,0,0,0,0,0,0,0,0,0,0,0,1,0,0,0,0,3,2,0,1,0,0,0,0,2,0,1,0,0,0,0,0,83,0,0,0,0,0,0,0,0,0,0,0,0,0,0,0,1,1,0,0,4,1,0,7,0,0,0,1,0,0,76,Délits des courses et des jeux ,Autres
76,0,5,0,1,0,33,0,2,1,7,7,2,65,2,0,12,6,1,4,3,7,0,2,11,7,2,2,38,4,19,0,6,7,28,1,5,1,3,0,0,3,1,21,12,0,5,0,3,7,9,0,2,9,0,18,8,1,35,14,0,15,3,5,0,5,9,13,52,3,2,18,8,8,148,14,40,22,3,10,0,0,17,4,0,5,8,4,6,0,53,65,266,56,26,6,4,14,12,2,0,4,1,1,77,Délits interdiction de séjour et de paraître ,Autres
77,2,8,11,4,1,40,0,6,2,14,8,3,71,12,1,4,11,5,5,5,5,0,8,6,6,4,5,10,14,11,0,29,29,13,0,8,13,2,2,3,13,3,17,6,1,11,1,4,9,11,2,0,33,2,12,17,5,111,6,7,105,6,17,4,7,10,13,23,4,18,1,6,2,40,23,61,38,11,12,9,10,27,15,4,16,5,5,4,5,41,33,129,55,44,2,5,1,13,9,4,10,5,5,78,"Destructions, cruautés et autres délits envers les animaux ",Autres
78,2,4,1,0,1,9,0,2,0,1,1,2,39,4,2,1,0,1,1,1,0,0,1,0,2,2,2,8,1,13,0,12,9,0,1,2,4,0,0,0,15,0,5,2,0,3,0,8,7,3,2,3,18,0,2,14,0,23,5,1,25,5,4,2,2,9,8,23,0,4,1,4,5,17,15,49,26,3,1,2,2,10,3,3,2,0,2,1,0,18,13,21,16,14,3,3,8,4,2,1,5,1,5,79,Atteintes à l'environnement ,Autres
79,0,2,0,0,0,4,0,0,0,0,0,0,10,2,0,1,0,1,0,0,0,0,0,1,0,0,1,0,0,1,0,1,2,0,0,0,0,0,0,0,0,0,2,0,1,0,0,0,0,2,0,0,0,0,0,0,0,38,0,1,0,1,0,0,0,0,0,0,0,0,0,0,0,1,3,0,0,0,0,0,0,1,0,0,0,0,0,0,0,0,0,0,2,2,0,1,0,1,1,0,2,1,0,80,Chasse et pêche ,Autres
80,45,4,9,2,110,209,1,10,0,4,58,2,225,37,1,4,3,3,1,69,0,0,1,94,8,6,7,12,21,128,1,73,76,68,1,12,45,0,2,3,21,2,70,40,1,1,4,8,45,10,0,13,36,1,10,94,1,270,83,2,1078,40,102,0,238,51,44,274,3,5,9,89,62,484,146,146,221,1,28,0,1,49,38,4,10,35,4,1,0,125,110,164,149,564,20,8,69,10,219,1,3,11,5,81,Faux documents d'identité ,Autres
81,12,3,5,0,6,45,1,3,2,2,7,1,108,14,2,5,7,1,1,7,3,1,2,7,3,10,7,4,7,23,1,15,16,46,1,4,11,4,0,2,7,0,36,103,0,2,0,9,5,2,0,3,34,0,1,73,0,98,15,3,19,11,7,3,15,35,34,88,1,4,6,15,10,134,37,68,93,0,6,0,3,27,7,2,8,8,4,4,0,71,80,117,71,96,5,1,3,0,1,1,0,0,0,82,Faux documents concernant la circulation des véhicules ,Autres
82,11,5,7,3,3,48,1,4,1,10,4,0,68,3,0,2,6,0,2,24,0,0,1,14,15,4,7,12,23,48,0,49,23,18,4,8,21,1,2,4,20,2,20,18,1,3,2,5,14,6,1,4,24,5,5,38,1,46,45,4,23,18,39,1,54,76,22,75,5,4,2,16,7,212,49,47,71,0,15,1,5,33,9,6,7,11,3,1,1,66,95,85,97,93,38,7,120,9,6,1,4,1,10,83,Autres faux documents administratifs ,Autres
83,0,1,0,0,0,10,0,0,0,2,0,1,26,1,0,0,2,3,0,2,0,0,0,2,5,0,4,3,7,14,0,4,6,3,0,1,6,1,0,2,6,0,5,2,0,4,1,1,0,6,4,0,18,0,1,14,0,21,2,1,11,5,6,0,5,12,3,5,0,2,3,1,0,16,4,5,19,0,4,0,0,8,1,1,0,2,1,0,1,18,17,9,7,9,1,0,1,2,0,1,1,1,1,84,Faux en écriture publique et authentique ,Autres
84,12,28,18,9,6,143,4,2,6,16,14,11,287,29,3,6,34,15,9,48,4,2,18,40,28,14,16,23,39,88,1,140,94,39,5,28,34,8,5,22,50,5,61,34,5,13,2,37,27,27,4,16,86,3,12,61,3,251,33,10,105,37,45,7,20,84,36,216,1,18,10,21,21,228,86,116,184,7,42,8,14,96,50,14,25,41,5,4,4,129,198,171,156,123,16,16,10,23,6,4,8,15,12,85,Autres faux en écriture ,Autres
85,9,7,8,1,1,32,4,11,1,9,7,3,37,8,0,11,10,8,1,9,9,1,7,23,11,5,5,5,9,22,0,27,16,17,1,8,13,7,5,1,23,2,32,17,0,5,0,21,9,14,4,1,33,0,7,26,2,102,7,5,50,9,22,1,8,17,19,98,2,22,7,2,13,121,32,54,54,6,12,6,9,16,8,4,8,17,7,5,7,32,46,104,51,37,6,4,2,13,9,5,4,1,1,86,Fausse monnaie ,Autres
86,0,3,0,0,0,7,0,0,0,1,2,2,89,7,0,1,1,0,0,8,1,0,0,0,4,0,5,9,4,7,0,43,10,3,1,1,10,1,0,0,0,0,17,6,0,4,0,1,1,4,0,1,12,0,3,12,1,10,171,0,42,3,4,0,3,6,11,85,0,2,0,2,6,94,21,20,79,0,0,1,0,13,5,0,1,2,0,6,5,406,17,239,17,67,0,1,0,1,0,0,1,0,0,87,Contrefaçons et fraudes industrielles et commerciales ,Autres
87,6,0,1,0,0,3,0,0,0,0,0,0,33,0,0,0,1,0,0,4,0,0,0,10,3,0,2,2,0,6,0,6,6,1,0,5,2,0,0,0,0,5,0,3,0,1,0,6,0,4,0,1,4,0,0,0,0,25,0,0,20,0,2,0,7,3,0,4,0,0,0,0,1,9,3,1,2,0,0,0,1,16,5,0,0,0,1,0,0,0,3,1,3,4,0,0,0,0,0,0,0,0,0,88,Contrefaçons littéraires et artistique ,Autres
88,23,157,55,17,170,150,36,86,11,62,69,78,1403,310,76,127,363,38,99,97,89,13,159,311,96,126,92,199,127,1102,23,465,227,281,38,155,354,58,31,117,278,20,313,260,50,96,5,167,90,236,77,68,532,27,161,615,110,2257,284,84,838,167,159,300,112,270,145,667,4,107,657,29,165,11623,803,906,1478,159,185,110,61,363,182,66,185,75,21,95,10,534,6269,1685,1546,1288,212,41,13,294,25,94,783,27,21,89,Falsification et usages de chèques volés ,Autres
89,69,202,103,64,45,1415,30,59,24,195,108,40,3211,350,44,92,277,104,92,347,142,13,109,278,267,170,114,462,419,1760,36,1754,1323,727,58,557,847,60,106,105,547,34,1214,468,35,123,4,353,105,388,49,122,526,54,138,427,33,2677,181,62,779,440,412,118,251,508,226,3430,20,173,396,140,180,10199,1307,1117,1509,117,228,137,123,719,288,105,214,194,75,89,69,1015,3774,2562,2041,1314,78,74,53,132,15,16,26,37,19,90,Falsification et usages de cartes de crédit ,Autres
90,401,872,701,181,197,4028,208,332,159,808,524,265,6705,1214,204,591,740,441,384,996,458,57,385,1133,828,802,665,1097,1051,3005,107,3005,2474,1291,214,1123,1586,246,408,457,1703,133,2141,1524,136,561,45,1334,608,1455,194,313,2114,221,768,2017,194,7999,697,291,3051,1163,1155,410,655,2183,1208,5637,144,736,1270,533,906,13066,3059,4405,6408,315,786,551,435,2875,1244,443,1032,978,348,439,221,3780,8067,6539,6216,3618,577,395,289,723,83,79,208,268,212,91,Escroqueries et abus de confiance ,Autres
91,2,6,7,19,3,14,0,4,0,1,7,0,30,12,0,9,8,1,0,8,7,0,1,70,5,1,9,18,4,16,2,12,18,3,2,0,17,1,8,13,11,0,8,3,0,8,0,2,26,8,0,3,9,3,16,4,0,25,4,0,23,4,42,3,2,54,4,7,0,7,2,0,1,12,25,14,8,1,8,1,2,22,6,2,6,0,43,1,0,10,5,10,4,1,7,3,2,5,1,0,4,1,0,92,Infractions à la législation sur les chèques ,"0     Crimes économiques and financiers
Name: Infractions à la législation sur les chèques, dtype: object"
92,45,5,4,3,4,104,3,2,2,24,24,4,348,27,0,4,12,5,2,25,9,0,9,30,12,4,19,18,53,83,3,74,119,34,3,19,47,5,5,20,28,1,47,59,0,14,0,13,7,18,3,7,51,4,8,38,0,228,41,13,66,22,24,2,23,44,27,194,1,10,0,39,29,655,82,124,324,2,23,3,6,101,61,3,24,25,5,4,2,111,134,321,197,247,106,69,167,38,116,12,129,21,39,93,Travail clandestin ,"0     Crimes économiques and financiers
Name: Travail clandestin, dtype: object"
93,42,4,0,0,8,39,1,0,0,1,8,0,103,13,0,0,0,0,0,16,0,0,0,27,2,0,8,3,39,74,0,41,65,25,0,2,14,0,1,0,6,0,27,37,0,0,0,1,5,6,0,0,53,0,0,48,0,99,25,2,16,8,10,1,19,22,21,84,1,2,1,44,20,189,48,61,177,0,4,1,0,40,55,0,3,10,1,0,2,53,48,107,93,237,96,64,120,9,101,10,10,26,28,94,Emploi d'étranger sans titre de travail ,"0     Crimes économiques and financiers
Name: Emploi d'étranger sans titre de travail, dtype: object"
94,1,0,0,0,0,0,0,0,0,0,0,0,0,0,0,0,0,0,0,0,0,0,0,0,0,0,0,1,4,0,0,2,4,0,0,0,1,0,0,0,0,0,0,1,0,0,0,0,0,0,0,0,0,0,0,1,0,2,0,0,0,0,0,0,0,1,0,1,0,0,0,0,0,4,2,0,3,0,0,0,0,0,1,0,0,0,0,0,1,0,0,0,1,0,1,0,1,0,0,1,0,0,2,95,Marchandage - prêt de main d'oeuvre ,Autres
95,0,0,0,0,0,0,0,0,0,0,0,0,0,0,0,0,0,0,0,0,0,0,0,0,0,0,0,0,0,0,0,0,0,0,0,0,0,0,0,0,0,0,0,0,0,0,0,0,0,0,0,0,0,0,0,0,0,0,0,0,0,0,0,0,0,0,0,0,0,0,0,0,0,0,0,0,0,0,0,0,0,0,0,0,0,0,0,0,0,0,0,0,0,0,0,0,0,0,0,0,0,0,0,96,Index non utilisé ,Autres
96,0,0,0,0,0,0,0,0,0,0,0,0,0,0,0,0,0,0,0,0,0,0,0,0,0,0,0,0,0,0,0,0,0,0,0,0,0,0,0,0,0,0,0,0,0,0,0,0,0,0,0,0,0,0,0,0,0,0,0,0,0,0,0,0,0,0,0,0,0,0,0,0,0,0,0,0,0,0,0,0,0,0,0,0,0,0,0,0,0,0,0,0,0,0,0,0,0,0,0,0,0,0,0,97,Index non utilisé ,Autres
97,2,0,1,1,0,18,0,0,1,2,5,0,22,7,0,1,2,0,2,18,2,0,1,1,5,0,4,5,3,25,1,32,20,29,0,4,10,2,2,3,9,2,3,9,0,2,0,9,0,8,1,2,19,0,8,5,0,39,3,2,11,12,15,3,8,18,18,25,0,1,1,1,7,86,10,18,35,0,4,5,2,7,7,2,7,11,2,0,1,4,47,10,23,6,8,0,4,4,1,0,13,9,3,98,"Banqueroutes, abus de biens sociaux et autres délits de société ",Autres
98,0,0,0,0,0,0,0,0,0,0,0,0,0,0,0,0,0,0,0,0,0,0,0,0,0,0,0,0,0,0,0,0,0,0,0,0,0,0,0,0,0,0,0,0,0,0,0,0,0,0,0,0,0,0,0,0,0,0,0,0,0,0,0,0,0,0,0,0,0,0,0,0,0,0,0,0,0,0,0,0,0,0,0,0,0,0,0,0,0,0,0,0,0,0,0,0,0,0,0,0,0,0,0,99,Index non utilisé ,Autres
99,0,0,0,0,0,0,0,0,0,0,0,0,0,0,0,0,0,0,0,0,0,0,0,0,0,0,0,0,0,0,0,0,0,0,0,0,0,0,0,0,0,0,0,0,0,0,0,0,0,0,0,0,0,0,0,0,0,0,0,0,0,0,0,0,0,0,0,0,0,0,0,0,0,0,0,0,0,0,0,0,0,0,0,0,0,0,0,0,0,0,0,0,0,0,0,0,0,0,0,0,0,0,0,100,Index non utilisé ,Autres
100,0,0,2,0,2,3,0,0,0,4,6,0,25,1,0,0,1,0,0,1,0,0,1,1,0,0,2,1,0,7,0,25,6,1,1,4,0,0,1,1,13,1,5,3,0,3,1,6,3,3,1,5,2,0,3,6,0,15,0,1,12,1,5,0,5,4,1,19,0,3,1,3,3,15,5,9,11,1,0,0,0,8,2,0,7,0,0,2,1,2,9,3,9,7,0,2,0,6,6,0,0,0,1,101,"Prix illicittes, publicité fausse et infractions aux règles de la concurrence ",Autres
101,0,0,0,0,0,0,0,0,0,0,0,0,0,0,1,4,0,0,0,0,0,0,0,2,0,0,0,0,0,1,0,0,1,0,0,1,0,0,0,0,0,0,1,0,0,3,0,1,0,0,0,0,0,0,0,0,0,3,0,0,0,0,0,0,2,0,0,0,0,2,0,0,0,1,0,2,1,0,1,0,0,0,1,0,0,0,0,1,0,1,1,2,0,0,1,1,0,1,1,0,0,0,0,102,Achats et ventes sans factures ,Autres
102,10,4,1,1,0,12,0,1,1,2,4,3,35,5,0,3,0,1,2,7,1,0,0,8,1,1,9,7,3,10,1,8,12,4,1,3,10,0,1,1,8,0,10,2,0,0,0,3,1,1,0,0,9,1,1,5,0,51,0,1,8,6,6,2,1,17,4,34,0,2,2,3,2,620,12,19,24,1,1,3,1,5,4,2,3,2,0,1,2,10,39,36,51,28,4,2,21,6,32,0,6,4,0,103,Infractions à l'exercice d'une profession règlementée ,"0     Autres
Name: Infractions à l'exercice d'une profession règlementée, dtype: object"
103,3,7,2,3,2,53,0,0,0,3,2,1,63,2,0,0,3,3,2,4,2,0,1,4,3,1,3,7,3,14,0,85,77,6,2,4,17,0,0,2,14,0,6,6,1,3,0,3,5,6,0,2,16,1,4,5,2,74,4,3,32,9,16,0,7,4,7,6,0,3,0,8,10,22,9,47,65,0,10,3,0,83,32,0,10,4,0,1,0,18,15,28,17,37,5,2,5,27,13,2,6,11,7,104,Infractions au droit de l'urbanisme et de la construction ,Autres
104,0,0,0,0,1,12,0,0,0,0,0,0,15,4,0,3,0,0,1,6,0,0,0,2,3,0,2,1,1,12,1,16,6,13,0,5,4,0,2,0,0,0,2,2,0,1,0,2,1,4,0,1,5,0,0,2,0,17,2,0,9,3,3,0,5,12,1,8,0,2,0,0,0,73,2,7,28,0,2,0,0,6,3,0,6,1,0,0,1,5,44,22,11,2,2,2,0,1,0,0,0,2,0,105,Fraudes fiscales ,"0     Crimes économiques and financiers
Name: Fraudes fiscales, dtype: object"
105,14,3,5,1,1,258,0,1,0,4,7,0,349,7,2,6,3,3,1,15,1,0,2,37,13,6,13,8,12,98,1,100,67,37,1,12,30,3,10,0,20,2,34,33,0,3,0,13,3,28,4,0,18,0,51,16,2,105,20,3,16,17,14,3,29,31,6,372,2,10,5,7,21,2599,39,84,167,20,14,7,4,53,15,1,25,8,2,2,2,150,271,3679,352,1361,12,11,13,10,102,3,60,13,4,106,Autres délits économiques et financiers ,Autres
106,256,395,331,105,77,2095,80,153,110,382,260,109,4125,774,70,270,398,231,155,530,194,31,138,601,350,467,308,527,595,2233,48,2003,1573,671,88,420,796,110,162,204,852,88,1440,793,53,260,42,458,534,760,146,152,950,105,428,945,87,5376,500,188,3401,551,602,201,371,1156,648,3436,69,299,515,196,352,10591,2169,2494,2765,138,725,237,212,1171,566,226,430,341,203,244,142,2178,4204,5280,3344,3045,259,253,135,528,110,83,322,155,135,107,Autres délits ,Autres
